fixed acidity,volatile acidity,citric acid,residual sugar,chlorides,free sulfur dioxide,total sulfur dioxide,density,pH,sulphates,alcohol,sulfur_ratio,quality
7.4,0.7,0.0,1.9,0.076,11.0,34.0,0.9978,3.51,0.56,9.4,0.3235294117647059,5
7.8,0.88,0.0,2.6,0.098,25.0,67.0,0.9968,3.2,0.68,9.8,0.373134328358209,5
7.8,0.76,0.04000000000000001,2.3,0.092,15.0,54.0,0.997,3.26,0.65,9.8,0.2777777777777778,5
11.2,0.28,0.56,1.9,0.075,17.0,60.0,0.998,3.16,0.58,9.8,0.2833333333333333,6
7.4,0.7,0.0,1.9,0.076,11.0,34.0,0.9978,3.51,0.56,9.4,0.3235294117647059,5
7.4,0.66,0.0,1.7999999999999998,0.075,13.0,40.0,0.9978,3.51,0.56,9.4,0.325,5
7.9,0.6,0.060000000000000026,1.6,0.069,15.0,59.0,0.9964,3.3,0.4600000000000001,9.4,0.2542372881355932,5
7.3,0.65,0.0,1.2,0.065,15.0,21.0,0.9946,3.39,0.47,10.0,0.7142857142857143,7
7.8,0.58,0.019999999999999962,2.0,0.073,9.0,18.0,0.9968,3.36,0.57,9.5,0.5,7
6.7,0.58,0.08000000000000002,1.7999999999999998,0.0969999999999999,15.0,65.0,0.9959,3.28,0.54,9.2,0.23076923076923078,5
5.6,0.615,0.0,1.6,0.089,16.0,59.0,0.9943,3.58,0.52,9.9,0.2711864406779661,5
7.8,0.61,0.29,1.6,0.114,9.0,29.0,0.9974,3.26,1.56,9.1,0.3103448275862069,5
8.5,0.28,0.56,1.7999999999999998,0.092,35.0,103.0,0.9969,3.3,0.75,10.5,0.33980582524271846,7
7.9,0.32,0.51,1.7999999999999998,0.34099999999999997,17.0,56.0,0.9969,3.04,1.08,9.2,0.30357142857142855,6
7.6,0.39,0.31,2.3,0.0819999999999999,23.0,71.0,0.9982,3.52,0.65,9.5,0.323943661971831,5
7.9,0.43,0.21,1.6,0.106,10.0,37.0,0.9966,3.17,0.91,9.5,0.2702702702702703,5
8.5,0.49,0.10999999999999999,2.3,0.084,9.0,67.0,0.9968,3.17,0.53,9.4,0.13432835820895522,5
6.9,0.4,0.14,2.4,0.085,21.0,40.0,0.9968,3.43,0.63,9.7,0.525,6
6.3,0.39,0.16,1.4,0.08,11.0,23.0,0.9955,3.34,0.56,9.3,0.4782608695652174,5
7.6,0.41,0.24,1.7999999999999998,0.08,3.9999999999999982,11.0,0.9962,3.28,0.59,9.5,0.3636363636363635,5
7.1,0.71,0.0,1.9,0.08,14.0,35.0,0.9972,3.47,0.55,9.4,0.4,5
7.8,0.645,0.0,2.0,0.0819999999999999,8.0,16.0,0.9964,3.38,0.5,9.8,0.5,6
6.7,0.675,0.07,2.4,0.089,17.0,82.0,0.9958,3.35,0.54,10.1,0.2073170731707317,5
8.3,0.655,0.12,2.3,0.083,15.0,113.0,0.9966,3.17,0.66,9.8,0.13274336283185842,5
5.2,0.32,0.25,1.7999999999999998,0.103,13.0,50.0,0.9957,3.38,0.55,9.2,0.26,5
7.8,0.645,0.0,5.5,0.086,5.0,18.0,0.9986,3.4,0.55,9.6,0.2777777777777778,6
7.8,0.6,0.14,2.4,0.086,3.0,15.0,0.9975,3.42,0.6,10.8,0.2,6
8.1,0.38,0.28,2.1,0.066,13.0,30.0,0.9968,3.23,0.73,9.7,0.43333333333333335,7
7.3,0.45,0.36,5.9,0.074,12.0,87.0,0.9978,3.33,0.83,10.5,0.13793103448275862,5
8.8,0.61,0.3,2.8,0.088,17.0,46.0,0.9976,3.26,0.51,9.3,0.3695652173913043,4
7.5,0.49,0.2,2.6,0.332,8.0,14.0,0.9968,3.21,0.9,10.5,0.5714285714285714,6
8.1,0.66,0.22,2.2,0.069,9.0,23.0,0.9968,3.3,1.2,10.3,0.391304347826087,5
7.7,0.935,0.43,2.2,0.114,22.0,114.0,0.997,3.25,0.73,9.2,0.19298245614035087,5
8.8,0.66,0.26,1.7000000000000002,0.074,3.9999999999999982,23.0,0.9971,3.15,0.74,9.833333333333334,0.17391304347826078,5
6.6,0.52,0.04000000000000001,2.2,0.069,8.0,15.0,0.9956,3.4,0.63,9.4,0.5333333333333333,6
6.6,0.5,0.04000000000000001,2.1,0.068,6.0,14.0,0.9955,3.39,0.64,9.4,0.42857142857142855,6
8.6,0.38,0.36,3.0,0.081,30.0,119.0,0.997,3.2,0.56,9.4,0.25210084033613445,5
7.6,0.51,0.15000000000000002,2.8,0.11,33.0,73.0,0.9955,3.17,0.63,10.2,0.4520547945205479,6
10.2,0.42,0.57,3.4,0.07,3.9999999999999982,10.0,0.9971,3.04,0.63,9.6,0.3999999999999998,5
7.8,0.59,0.18,2.3,0.076,17.0,54.0,0.9975,3.43,0.59,10.0,0.3148148148148148,5
7.3,0.39,0.31,2.4,0.074,9.0,46.0,0.9962,3.41,0.54,9.4,0.1956521739130435,6
8.8,0.4,0.4,2.2,0.079,19.0,52.0,0.998,3.44,0.64,9.2,0.36538461538461536,5
7.7,0.69,0.49,1.7999999999999998,0.115,20.0,112.0,0.9968,3.21,0.71,9.3,0.17857142857142858,5
7.0,0.735,0.04999999999999999,2.0,0.081,13.0,54.0,0.9966,3.39,0.57,9.8,0.24074074074074073,5
7.2,0.725,0.04999999999999999,4.65,0.086,3.9999999999999982,11.0,0.9962,3.41,0.39,10.9,0.3636363636363635,5
7.2,0.725,0.04999999999999999,4.65,0.086,3.9999999999999982,11.0,0.9962,3.41,0.39,10.9,0.3636363636363635,5
6.6,0.705,0.07,1.6,0.076,6.0,15.0,0.9962,3.44,0.58,10.7,0.4,5
8.0,0.705,0.04999999999999999,1.9,0.074,8.0,19.0,0.9962,3.34,0.95,10.5,0.42105263157894735,6
7.7,0.69,0.22,1.9,0.084,18.0,94.0,0.9961,3.31,0.48,9.5,0.19148936170212766,5
8.3,0.675,0.26,2.1,0.084,11.0,43.0,0.9976,3.31,0.53,9.2,0.2558139534883721,4
8.8,0.41,0.64,2.2,0.093,9.0,42.0,0.9986,3.54,0.66,10.5,0.21428571428571427,5
6.8,0.785,0.0,2.4,0.104,14.0,30.0,0.9966,3.52,0.55,10.7,0.4666666666666667,6
6.7,0.75,0.12,2.0,0.086,12.0,80.0,0.9958,3.38,0.52,10.1,0.15,5
8.3,0.625,0.2,1.5,0.08,27.0,119.0,0.9972,3.16,1.12,9.1,0.226890756302521,4
6.2,0.45,0.2,1.6,0.069,3.0,15.0,0.9958,3.41,0.56,9.2,0.2,5
7.4,0.5,0.47,2.0,0.086,21.0,73.0,0.997,3.36,0.57,9.1,0.2876712328767123,5
6.3,0.3,0.48,1.7999999999999998,0.069,18.0,61.0,0.9959,3.44,0.78,10.3,0.29508196721311475,6
6.9,0.55,0.15000000000000002,2.2,0.076,19.0,40.0,0.9961,3.41,0.59,10.1,0.475,5
8.6,0.49,0.28,1.9,0.11,20.0,136.0,0.9972,2.93,1.95,9.9,0.14705882352941177,6
7.7,0.49,0.26,1.9,0.062,9.0,31.0,0.9966,3.39,0.64,9.6,0.2903225806451613,5
9.3,0.39,0.44,2.1,0.107,34.0,125.0,0.9978,3.14,1.22,9.5,0.272,5
7.0,0.62,0.08000000000000002,1.7999999999999998,0.076,8.0,24.0,0.9978,3.48,0.53,9.0,0.3333333333333333,5
8.6,0.49,0.28,1.9,0.11,20.0,136.0,0.9972,2.93,1.95,9.9,0.14705882352941177,6
7.7,0.49,0.26,1.9,0.062,9.0,31.0,0.9966,3.39,0.64,9.6,0.2903225806451613,5
5.0,1.02,0.04000000000000001,1.4,0.045,41.0,85.0,0.9938,3.75,0.48,10.5,0.4823529411764706,4
6.8,0.775,0.0,3.0,0.102,8.0,23.0,0.9965,3.45,0.56,10.7,0.34782608695652173,5
7.6,0.9,0.060000000000000026,2.5,0.079,5.0,10.0,0.9967,3.39,0.56,9.8,0.5,5
8.1,0.545,0.18,1.9,0.08,13.0,35.0,0.9972,3.3,0.59,9.0,0.37142857142857144,6
8.3,0.61,0.3,2.1,0.084,11.0,50.0,0.9972,3.4,0.61,10.2,0.22,6
8.1,0.545,0.18,1.9,0.08,13.0,35.0,0.9972,3.3,0.59,9.0,0.37142857142857144,6
8.1,0.575,0.22,2.1,0.077,12.0,65.0,0.9967,3.29,0.51,9.2,0.18461538461538463,5
7.2,0.49,0.24,2.2,0.07,5.0,36.0,0.996,3.33,0.48,9.4,0.1388888888888889,5
8.1,0.575,0.22,2.1,0.077,12.0,65.0,0.9967,3.29,0.51,9.2,0.18461538461538463,5
7.8,0.41,0.6800000000000002,1.7000000000000002,0.46699999999999997,18.0,69.0,0.9973,3.08,1.31,9.3,0.2608695652173913,5
6.2,0.63,0.31,1.7000000000000002,0.088,15.0,64.0,0.9969,3.46,0.79,9.3,0.234375,5
7.8,0.56,0.19,1.7999999999999998,0.104,12.0,47.0,0.9964,3.19,0.93,9.5,0.2553191489361702,5
8.4,0.62,0.09,2.2,0.084,11.0,108.0,0.9964,3.15,0.66,9.8,0.10185185185185185,5
10.1,0.31000000000000005,0.44,2.3,0.08,22.0,46.0,0.9988,3.32,0.67,9.7,0.4782608695652174,6
7.8,0.56,0.19,1.7999999999999998,0.104,12.0,47.0,0.9964,3.19,0.93,9.5,0.2553191489361702,5
9.4,0.4,0.31,2.2,0.09,13.0,62.0,0.9966,3.07,0.63,10.5,0.20967741935483872,6
8.3,0.54,0.28,1.9,0.077,11.0,40.0,0.9978,3.39,0.61,10.0,0.275,6
7.3,1.07,0.09,1.7000000000000002,0.178,10.0,89.0,0.9962,3.3,0.57,9.0,0.11235955056179775,5
8.8,0.55,0.04000000000000001,2.2,0.119,14.0,56.0,0.9962,3.21,0.6,10.9,0.25,6
7.3,0.695,0.0,2.5,0.075,3.0,13.0,0.998,3.49,0.52,9.2,0.23076923076923078,5
7.8,0.5,0.17,1.6,0.0819999999999999,21.0,102.0,0.996,3.39,0.48,9.5,0.20588235294117646,5
7.533333333333333,1.33,0.0,1.7000000000000002,0.081,3.0,12.0,0.9964,3.53,0.49,10.9,0.25,5
8.1,1.33,0.0,1.7999999999999998,0.0819999999999999,3.0,12.0,0.9964,3.54,0.48,10.9,0.25,5
8.0,0.59,0.16,1.7999999999999998,0.065,3.0,16.0,0.9962,3.42,0.92,10.5,0.1875,7
8.0,0.745,0.56,2.0,0.118,30.0,134.0,0.9968,3.24,0.66,9.4,0.22388059701492538,5
5.6,0.5,0.09,2.3,0.049,17.0,99.0,0.9937,3.433333333333333,0.63,13.0,0.1717171717171717,5
7.9,1.04,0.04999999999999999,2.2,0.084,13.0,29.0,0.9959,3.22,0.55,9.9,0.4482758620689655,6
8.4,0.745,0.10999999999999999,1.9,0.09,16.0,63.0,0.9965,3.19,0.82,9.6,0.25396825396825395,5
7.2,0.415,0.36,2.0,0.081,13.0,45.0,0.9972,3.48,0.64,9.2,0.28888888888888886,5
8.4,0.745,0.10999999999999999,1.9,0.09,16.0,63.0,0.9965,3.19,0.82,9.6,0.25396825396825395,5
5.2,0.34,0.0,1.7999999999999998,0.05,27.0,63.0,0.9916,3.68,0.79,14.0,0.42857142857142855,6
6.3,0.39,0.08000000000000002,1.7000000000000002,0.066,3.0,20.0,0.9954,3.34,0.58,9.4,0.15,5
5.2,0.34,0.0,1.7999999999999998,0.05,27.0,63.0,0.9916,3.68,0.79,14.0,0.42857142857142855,6
8.1,0.67,0.55,1.7999999999999998,0.1169999999999999,32.0,141.0,0.9968,3.17,0.62,9.4,0.22695035460992907,5
5.8,0.68,0.019999999999999962,1.7999999999999998,0.087,21.0,94.0,0.9944,3.54,0.52,10.0,0.22340425531914893,5
6.9,0.49,0.1,2.3,0.074,12.0,30.0,0.9959,3.42,0.58,10.2,0.4,6
7.3,0.33000000000000007,0.47,2.1,0.077,5.0,11.0,0.9958,3.33,0.53,10.3,0.45454545454545453,6
9.2,0.52,1.0,3.4,0.61,32.0,69.0,0.9996,2.74,2.0,9.4,0.463768115942029,4
7.5,0.6,0.03,1.7999999999999998,0.095,25.0,99.0,0.995,3.35,0.54,10.1,0.25252525252525254,5
7.5,0.6,0.03,1.7999999999999998,0.095,25.0,99.0,0.995,3.35,0.54,10.1,0.25252525252525254,5
7.1,0.43,0.42,5.5,0.071,28.0,128.0,0.9973,3.42,0.71,10.5,0.21875,5
7.1,0.43,0.42,5.5,0.07,29.0,129.0,0.9973,3.42,0.72,10.5,0.2248062015503876,5
7.1,0.43,0.42,5.5,0.071,28.0,128.0,0.9973,3.42,0.71,10.5,0.21875,5
7.1,0.68,0.0,2.2,0.073,12.0,22.0,0.9969,3.48,0.5,9.3,0.5454545454545454,5
6.8,0.6,0.18,1.9,0.079,18.0,86.0,0.9968,3.59,0.57,9.3,0.20930232558139536,6
7.6,0.95,0.03,2.0,0.09,7.0,20.0,0.9959,3.2,0.56,9.6,0.35,5
7.6,0.68,0.019999999999999962,1.3,0.072,9.0,20.0,0.9965,3.17,1.08,9.2,0.45,4
7.8,0.53,0.04000000000000001,1.7000000000000002,0.076,17.0,31.0,0.9964,3.33,0.56,10.0,0.5483870967741935,6
7.4,0.6,0.26,7.299999999999999,0.07,36.0,121.0,0.9982,3.37,0.49,9.4,0.2975206611570248,5
7.3,0.59,0.26,7.199999999999999,0.07,35.0,121.0,0.9981,3.37,0.49,9.4,0.2892561983471074,5
7.8,0.63,0.48,1.7000000000000002,0.1,14.0,96.0,0.9961,3.19,0.62,9.5,0.14583333333333334,5
6.8,0.64,0.1,2.1,0.085,18.0,101.0,0.9956,3.34,0.52,10.2,0.1782178217821782,5
7.3,0.55,0.03,1.6,0.072,17.0,42.0,0.9956,3.37,0.48,9.0,0.40476190476190477,4
6.8,0.63,0.07,2.1,0.089,11.0,44.0,0.9953,3.47,0.55,10.4,0.25,6
7.9,0.885,0.03,1.7999999999999998,0.0579999999999999,3.9999999999999982,8.0,0.9972,3.36,0.33,9.1,0.4999999999999998,4
8.0,0.42,0.22666666666666666,2.0,0.073,6.0,18.0,0.9972,3.29,0.61,9.2,0.3333333333333333,6
7.4,0.62,0.04999999999999999,1.9,0.068,24.0,42.0,0.9961,3.42,0.57,11.5,0.5714285714285714,6
6.9,0.5,0.04000000000000001,1.5,0.085,19.0,49.0,0.9958,3.35,0.78,9.5,0.3877551020408163,5
7.3,0.38,0.21,2.0,0.08,7.0,35.0,0.9961,3.33,0.47,9.5,0.2,5
7.5,0.52,0.42,2.3,0.087,8.0,38.0,0.9972,3.58,0.61,10.5,0.21052631578947367,6
7.0,0.805,0.0,2.5,0.068,7.0,20.0,0.9969,3.48,0.56,9.6,0.35,5
8.8,0.61,0.14,2.4,0.067,10.0,42.0,0.9969,3.19,0.59,9.5,0.23809523809523808,5
8.8,0.61,0.14,2.4,0.067,10.0,42.0,0.9969,3.19,0.59,9.5,0.23809523809523808,5
8.9,0.61,0.49,2.0,0.27,23.0,110.0,0.9972,3.12,1.02,9.3,0.20909090909090908,5
7.2,0.73,0.019999999999999962,2.5,0.076,16.666666666666668,42.0,0.9972,3.44,0.52,9.3,0.39682539682539686,5
6.8,0.61,0.2,1.7999999999999998,0.077,11.0,65.0,0.9971,3.54,0.58,9.3,0.16923076923076924,5
6.7,0.62,0.21,1.9,0.079,8.0,62.0,0.997,3.52,0.58,9.3,0.12903225806451613,6
8.9,0.31000000000000005,0.57,2.0,0.111,26.0,85.0,0.9971,3.26,0.53,9.7,0.3058823529411765,5
7.4,0.39,0.48,2.0,0.0819999999999999,14.0,67.0,0.9972,3.34,0.55,9.2,0.208955223880597,5
7.9,0.5,0.33,2.0,0.084,15.0,143.0,0.9968,3.2,0.55,9.5,0.1048951048951049,5
8.2,0.5,0.35,2.9,0.077,21.0,127.0,0.9976,3.23,0.62,9.4,0.16535433070866143,5
6.4,0.37,0.25,1.9,0.074,21.0,49.0,0.9974,3.57,0.62,9.8,0.42857142857142855,6
7.6,0.55,0.21,2.2,0.071,7.0,28.0,0.9964,3.28,0.55,9.7,0.25,5
7.6,0.55,0.21,2.2,0.071,7.0,28.0,0.9964,3.28,0.55,9.7,0.25,5
7.3,0.58,0.3,2.4,0.074,15.0,55.0,0.9968,3.46,0.59,10.2,0.2727272727272727,5
11.5,0.3,0.6,2.0,0.067,12.0,27.0,0.9981,3.11,0.97,10.1,0.4444444444444444,6
6.9,1.09,0.060000000000000026,2.1,0.061,12.0,31.0,0.9948,3.51,0.43,11.4,0.3870967741935484,4
9.6,0.32,0.47,1.4,0.0559999999999999,9.0,24.0,0.99695,3.22,0.82,10.3,0.375,7
7.0,0.43,0.36,1.6,0.089,14.0,37.0,0.99615,3.34,0.56,9.2,0.3783783783783784,6
12.8,0.3,0.74,2.6,0.095,9.0,28.0,0.9994,3.2,0.77,10.8,0.32142857142857145,7
12.8,0.3,0.74,2.6,0.095,9.0,28.0,0.9994,3.2,0.77,10.8,0.32142857142857145,7
7.8,0.44,0.28,2.7,0.1,18.0,95.0,0.9966,3.22,0.67,9.4,0.18947368421052632,5
9.7,0.53,0.6,2.0,0.03900000000000001,5.0,19.0,0.99585,3.3,0.86,12.4,0.2631578947368421,6
8.0,0.725,0.24,2.8,0.083,10.0,62.0,0.99685,3.35,0.56,10.0,0.16129032258064516,6
8.2,0.57,0.26,2.2,0.06,28.0,65.0,0.9959,3.3,0.43,10.1,0.4307692307692308,5
7.8,0.735,0.08000000000000002,2.4,0.092,10.0,41.0,0.9974,3.24,0.71,9.8,0.24390243902439024,6
7.0,0.49,0.49,5.6,0.06,26.0,121.0,0.9974,3.34,0.76,10.5,0.21487603305785125,5
8.7,0.625,0.16,2.0,0.1009999999999999,13.0,49.0,0.9962,3.14,0.57,11.0,0.2653061224489796,5
8.1,0.725,0.22,2.2,0.072,11.0,41.0,0.9967,3.36,0.55,9.1,0.2682926829268293,5
7.5,0.49,0.19,1.9,0.076,10.0,44.0,0.9957,3.39,0.54,9.7,0.22727272727272727,5
7.8,0.34,0.37,2.0,0.0819999999999999,24.0,58.0,0.9964,3.34,0.59,9.4,0.41379310344827586,6
7.4,0.53,0.26,2.0,0.1009999999999999,16.0,72.0,0.9957,3.15,0.57,9.4,0.2222222222222222,5
6.8,0.61,0.04000000000000001,1.5,0.057,5.0,10.0,0.99525,3.42,0.6,9.5,0.5,5
8.6,0.645,0.25,2.0,0.083,8.0,28.0,0.99815,3.28,0.6,10.0,0.2857142857142857,6
7.7,0.43,0.25,2.6,0.073,29.0,63.0,0.99615,3.37,0.58,10.5,0.4603174603174603,6
8.9,0.59,0.5,2.0,0.33699999999999997,27.0,81.0,0.9964,3.04,1.6100000000000003,9.5,0.3333333333333333,6
5.2,0.48,0.04000000000000001,1.6,0.054,19.0,106.0,0.9927,3.54,0.62,12.2,0.1792452830188679,7
8.0,0.38,0.060000000000000026,1.7999999999999998,0.078,12.0,49.0,0.99625,3.37,0.52,9.9,0.24489795918367346,6
8.5,0.37,0.2,2.8,0.09,18.0,58.0,0.998,3.34,0.7,9.6,0.3103448275862069,6
8.2,1.0,0.09,2.3,0.065,7.0,37.0,0.99685,3.32,0.55,9.0,0.1891891891891892,6
7.2,0.63,0.0,1.9,0.0969999999999999,14.0,38.0,0.99675,3.37,0.58,9.0,0.3684210526315789,6
8.9,0.635,0.37,1.7000000000000002,0.263,5.0,62.0,0.9971,3.0,1.09,9.3,0.08064516129032258,5
12.0,0.38,0.56,2.1,0.093,6.0,24.0,0.99925,3.14,0.71,10.9,0.25,6
7.7,0.58,0.1,1.7999999999999998,0.102,28.0,109.0,0.99565,3.08,0.49,9.8,0.25688073394495414,6
15.0,0.20999999999999996,0.44,2.2,0.075,10.0,24.0,1.00005,3.07,0.84,9.2,0.4166666666666667,7
15.0,0.20999999999999996,0.44,2.2,0.075,10.0,24.0,1.00005,3.07,0.84,9.2,0.4166666666666667,7
7.3,0.66,0.0,2.0,0.084,6.0,23.0,0.9983,3.61,0.96,9.9,0.2608695652173913,6
7.1,0.68,0.07,1.9,0.075,16.0,51.0,0.99685,3.38,0.52,9.5,0.3137254901960784,5
7.3,0.66,0.0,2.0,0.084,6.0,23.0,0.9983,3.61,0.96,9.9,0.2608695652173913,6
10.8,0.32,0.44,1.6,0.063,16.0,37.0,0.9985,3.22,0.78,10.0,0.43243243243243246,6
7.1,0.6,0.0,1.7999999999999998,0.074,16.0,34.0,0.9972,3.47,0.7,9.9,0.47058823529411764,6
11.1,0.35,0.48,3.1,0.09,5.0,21.0,0.9986,3.17,0.53,10.5,0.23809523809523808,5
7.7,0.775,0.42,1.9,0.092,8.0,86.0,0.9959,3.23,0.59,9.5,0.09302325581395349,5
8.0,0.57,0.23,3.2,0.073,17.0,119.0,0.99675,3.26,0.57,9.3,0.14285714285714285,5
9.4,0.34,0.37,2.2,0.075,5.0,13.0,0.998,3.22,0.62,9.2,0.38461538461538464,5
6.6,0.695,0.0,2.1,0.075,12.0,56.0,0.9968,3.49,0.67,9.2,0.21428571428571427,5
7.7,0.41,0.76,1.7999999999999998,0.611,8.0,45.0,0.9968,3.06,1.26,9.4,0.17777777777777778,5
10.0,0.31000000000000005,0.47,2.6,0.085,14.0,33.0,0.99965,3.36,0.8,10.5,0.42424242424242425,7
7.9,0.33000000000000007,0.23,1.7000000000000002,0.077,18.0,45.0,0.99625,3.29,0.65,9.3,0.4,5
7.0,0.975,0.04000000000000001,2.0,0.087,12.0,67.0,0.99565,3.35,0.6,9.4,0.1791044776119403,4
8.0,0.52,0.03,1.7000000000000002,0.07,10.0,35.0,0.99575,3.34,0.57,10.0,0.2857142857142857,5
7.9,0.37,0.23,1.7999999999999998,0.077,23.0,49.0,0.9963,3.28,0.67,9.3,0.46938775510204084,5
12.5,0.56,0.49,2.4,0.064,5.0,27.0,0.9999,3.08,0.87,10.9,0.18518518518518517,5
8.1,0.87,0.0,3.3,0.096,26.0,61.0,1.00025,3.6,0.72,9.8,0.4262295081967213,4
7.9,0.35,0.46,3.6,0.078,15.0,37.0,0.9973,3.35,0.86,12.8,0.40540540540540543,8
6.9,0.54,0.04000000000000001,3.0,0.077,7.0,27.0,0.9987,3.69,0.91,9.4,0.25925925925925924,6
11.5,0.18,0.51,4.0,0.104,3.9999999999999982,23.0,0.9996,3.28,0.97,10.1,0.17391304347826078,6
7.9,0.545,0.060000000000000026,4.0,0.087,27.0,61.0,0.9965,3.36,0.67,10.7,0.4426229508196721,6
7.9,0.545,0.060000000000000026,4.0,0.087,27.0,61.0,0.9965,3.36,0.67,10.7,0.4426229508196721,6
6.9,0.54,0.04000000000000001,3.0,0.077,7.0,27.0,0.9987,3.69,0.91,9.4,0.25925925925925924,6
11.5,0.18,0.51,4.0,0.104,3.9999999999999982,23.0,0.9996,3.28,0.97,10.1,0.17391304347826078,6
10.3,0.32,0.45,6.4,0.073,5.0,13.0,0.9976,3.23,0.82,12.6,0.38461538461538464,8
11.4,0.26,0.44,3.6,0.071,6.0,19.0,0.9986,3.12,0.82,9.3,0.3157894736842105,6
7.7,0.27,0.6800000000000002,3.5,0.358,5.0,10.0,0.9972,3.25,1.08,9.9,0.5,7
9.9,0.59,0.07,3.4,0.102,32.0,71.0,1.00015,3.31,0.71,9.8,0.4507042253521127,5
9.9,0.59,0.07,3.4,0.102,32.0,71.0,1.00015,3.31,0.71,9.8,0.4507042253521127,5
12.0,0.45,0.55,2.0,0.073,25.0,49.0,0.9997,3.1,0.76,10.3,0.5102040816326531,6
7.5,0.4,0.12,3.0,0.092,29.0,53.0,0.9967,3.37,0.7,10.3,0.5471698113207547,6
8.7,0.52,0.09,2.5,0.091,20.0,49.0,0.9976,3.34,0.86,10.6,0.40816326530612246,7
11.6,0.42,0.53,3.3,0.105,33.0,98.0,1.001,3.2,0.95,9.2,0.336734693877551,5
8.7,0.52,0.09,2.5,0.091,20.0,49.0,0.9976,3.34,0.86,10.6,0.40816326530612246,7
10.4,0.55,0.23,2.7,0.091,18.0,48.0,0.9994,3.22,0.64,10.3,0.375,6
6.9,0.36,0.25,2.4,0.098,5.0,16.0,0.9964,3.41,0.6,10.1,0.3125,6
13.3,0.34,0.52,3.2,0.094,17.0,53.0,1.0014,3.05,0.81,9.5,0.32075471698113206,6
10.8,0.5,0.46,2.5,0.073,5.0,27.0,1.0001,3.05,0.64,9.5,0.18518518518518517,5
10.6,0.83,0.37,2.6,0.086,26.0,70.0,0.9981,3.16,0.52,9.9,0.37142857142857144,5
7.1,0.63,0.060000000000000026,2.0,0.083,8.0,29.0,0.99855,3.67,0.73,9.6,0.27586206896551724,5
7.2,0.65,0.019999999999999962,2.3,0.094,5.0,31.0,0.9993,3.67,0.8,9.7,0.16129032258064516,5
7.5,0.53,0.060000000000000026,2.6,0.086,20.0,44.0,0.9965,3.38,0.5633333333333334,10.7,0.45454545454545453,6
11.1,0.18,0.48,1.5,0.068,7.0,15.0,0.9973,3.22,0.64,10.1,0.4666666666666667,6
8.3,0.705,0.12,2.6,0.092,12.0,28.0,0.9994,3.51,0.72,10.0,0.42857142857142855,5
8.4,0.65,0.6,2.1,0.1119999999999999,12.0,90.0,0.9973,3.2,0.52,9.2,0.13333333333333333,5
10.3,0.41,0.42,2.4,0.213,6.0,14.0,0.9994,3.19,0.62,9.5,0.42857142857142855,6
10.3,0.43,0.44,2.4,0.214,5.0,12.0,0.9994,3.19,0.63,9.5,0.4166666666666667,6
7.9,0.53,0.24,2.0,0.072,15.0,105.0,0.996,3.27,0.54,9.4,0.14285714285714285,6
9.0,0.46,0.31,2.8,0.093,19.0,98.0,0.99815,3.32,0.63,9.5,0.19387755102040816,6
8.6,0.47,0.3,3.0,0.076,30.0,135.0,0.9976,3.3,0.53,9.4,0.2222222222222222,5
7.4,0.36,0.29,2.6,0.087,26.0,72.0,0.99645,3.39,0.68,11.0,0.3611111111111111,5
9.8,0.66,0.39,3.2,0.083,21.0,59.0,0.9989,3.37,0.71,11.5,0.3559322033898305,7
9.6,0.77,0.12,2.9,0.0819999999999999,30.0,74.0,0.99865,3.3,0.64,10.4,0.40540540540540543,6
9.3,0.61,0.26,3.4,0.09,25.0,87.0,0.99975,3.24,0.62,9.7,0.28735632183908044,5
11.6,0.53,0.66,3.65,0.121,6.0,14.0,0.9978,3.05,0.74,11.5,0.42857142857142855,7
10.3,0.44,0.5,4.5,0.107,5.0,13.0,0.998,3.28,0.83,11.5,0.38461538461538464,5
13.4,0.27,0.62,2.6,0.0819999999999999,6.0,21.0,1.0002,3.16,0.67,9.7,0.2857142857142857,6
8.4,0.56,0.08000000000000002,2.1,0.105,16.0,44.0,0.9958,3.13,0.52,11.0,0.36363636363636365,5
7.9,0.65,0.010000000000000009,2.5,0.078,17.0,38.0,0.9963,3.34,0.74,11.7,0.4473684210526316,7
11.9,0.695,0.53,3.4,0.128,7.0,21.0,0.9992,3.17,0.84,12.2,0.3333333333333333,7
8.9,0.43,0.45,1.9,0.052,6.0,16.0,0.9948,3.35,0.7,12.5,0.375,6
7.8,0.43,0.32,2.8,0.08,29.0,58.0,0.9974,3.31,0.64,10.3,0.5,5
12.5,0.28,0.54,2.3,0.0819999999999999,12.0,29.0,0.9997,3.11,1.36,9.8,0.41379310344827586,7
10.9,0.39,0.47,1.7999999999999998,0.118,6.0,14.0,0.9982,3.3,0.75,9.8,0.42857142857142855,6
10.9,0.39,0.47,1.7999999999999998,0.118,6.0,14.0,0.9982,3.3,0.75,9.8,0.42857142857142855,6
11.9,0.57,0.5,2.6,0.0819999999999999,6.0,32.0,1.0006,3.12,0.78,10.7,0.1875,6
13.8,0.49,0.67,3.0,0.093,6.0,15.0,0.9986,3.02,0.93,12.0,0.4,6
9.6,0.56,0.31,2.8,0.089,15.0,46.0,0.9979,3.11,0.92,10.0,0.32608695652173914,6
9.1,0.795,0.0,2.6,0.096,11.0,26.0,0.9994,3.35,0.83,9.4,0.4230769230769231,6
7.7,0.665,0.0,2.4,0.09,8.0,19.0,0.9974,3.27,0.73,9.3,0.42105263157894735,5
6.7,0.75,0.010000000000000009,2.4,0.078,17.0,32.0,0.9955,3.55,0.61,12.8,0.53125,6
10.5,0.42,0.66,2.95,0.1159999999999999,12.0,29.0,0.997,3.24,0.75,11.7,0.41379310344827586,7
11.9,0.43,0.66,3.1,0.109,10.0,23.0,1.0,3.15,0.85,10.4,0.43478260869565216,7
12.6,0.38,0.66,2.6,0.088,10.0,41.0,1.001,3.17,0.68,9.8,0.24390243902439024,6
8.2,0.7,0.23,2.0,0.099,14.0,81.0,0.9973,3.19,0.7,9.4,0.1728395061728395,5
8.6,0.45,0.31,2.6,0.086,21.0,50.0,0.9982,3.37,0.91,9.9,0.42,6
11.9,0.58,0.66,2.5,0.072,6.0,37.0,0.9992,3.05,0.56,10.0,0.16216216216216217,5
12.5,0.46,0.63,2.0,0.071,6.0,15.0,0.9988,2.99,0.87,10.2,0.4,5
12.8,0.615,0.66,5.800000000000001,0.083,7.0,42.0,1.0022,3.07,0.73,10.0,0.16666666666666666,7
12.8,0.615,0.66,5.800000000000001,0.083,7.0,42.0,1.0022,3.07,0.73,10.0,0.16666666666666666,7
10.4,0.575,0.61,2.6,0.076,11.0,24.0,1.0,3.16,0.69,9.0,0.4583333333333333,5
9.4,0.27,0.53,2.4,0.074,6.0,18.0,0.9962,3.2,1.13,12.0,0.3333333333333333,7
7.9,0.24,0.4,1.6,0.0559999999999999,11.0,25.0,0.9967,3.32,0.87,8.7,0.44,6
9.1,0.28,0.48,1.7999999999999998,0.067,26.0,46.0,0.9967,3.32,1.04,10.6,0.5652173913043478,6
11.5,0.45,0.5,3.0,0.078,19.0,47.0,1.0003,3.26,1.11,11.0,0.40425531914893614,6
9.4,0.27,0.53,2.4,0.074,6.0,18.0,0.9962,3.2,1.13,12.0,0.3333333333333333,7
8.3,0.26,0.42,2.0,0.08,11.0,27.0,0.9974,3.21,0.8,9.4,0.4074074074074074,6
7.7,0.51,0.28,2.033333333333333,0.087,23.0,54.0,0.998,3.42,0.74,9.2,0.42592592592592593,5
7.8,0.46,0.26,1.9,0.088,23.0,53.0,0.9981,3.43,0.74,9.2,0.4339622641509434,6
5.6,0.85,0.04999999999999999,1.4,0.045,12.0,88.0,0.9924,3.56,0.82,12.9,0.13636363636363635,8
13.7,0.415,0.6800000000000002,2.9,0.085,17.0,43.0,1.0014,3.06,0.8,10.0,0.3953488372093023,6
9.5,0.37,0.52,2.0,0.0819999999999999,6.0,26.0,0.998,3.18,0.51,9.5,0.23076923076923078,5
12.0,0.37,0.76,4.2,0.066,7.0,38.0,1.0004,3.22,0.6,13.0,0.18421052631578946,7
11.5,0.59,0.59,2.6,0.087,13.0,49.0,0.9988,3.18,0.65,11.0,0.2653061224489796,6
8.7,0.765,0.22,2.3,0.064,9.0,42.0,0.9963,3.1,0.55,9.4,0.21428571428571427,5
11.4,0.6,0.49,2.7,0.085,10.0,41.0,0.9994,3.15,0.63,10.5,0.24390243902439024,6
7.7,0.69,0.04999999999999999,2.7,0.075,15.0,27.0,0.9974,3.26,0.61,9.1,0.5555555555555556,5
9.8,0.44,0.47,2.5,0.063,9.0,28.0,0.9981,3.24,0.65,10.8,0.32142857142857145,6
12.0,0.39,0.66,3.0,0.093,12.0,30.0,0.9996,3.18,0.63,10.8,0.4,7
12.5,0.46,0.49,4.5,0.07,26.0,49.0,0.9981,3.05,0.57,9.6,0.5306122448979592,4
9.0,0.43,0.34,2.5,0.08,26.0,86.0,0.9987,3.38,0.62,9.5,0.3023255813953488,6
7.1,0.735,0.16,1.9,0.1,15.0,77.0,0.9966,3.27,0.64,9.3,0.19480519480519481,5
9.9,0.4,0.53,6.699999999999999,0.0969999999999999,6.0,19.0,0.9986,3.27,0.82,11.7,0.3157894736842105,7
8.8,0.52,0.34,2.7,0.087,24.0,122.0,0.9982,3.26,0.61,9.5,0.19672131147540983,5
8.6,0.725,0.24,6.6,0.1169999999999999,31.0,134.0,1.0014,3.32,1.07,9.3,0.23134328358208955,5
10.6,0.48,0.64,2.2,0.111,6.0,20.0,0.997,3.26,0.66,11.7,0.3,6
7.0,0.58,0.12,1.9,0.091,34.0,124.0,0.9956,3.44,0.48,10.5,0.27419354838709675,5
11.9,0.38,0.51,2.0,0.121,7.0,20.0,0.9996,3.24,0.76,10.4,0.35,6
6.8,0.77,0.0,1.7999999999999998,0.066,34.0,52.0,0.9976,3.62,0.68,9.9,0.6538461538461539,5
6.6,0.84,0.03,2.3,0.059,32.0,48.0,0.9952,3.52,0.56,12.3,0.6666666666666666,7
7.7,0.96,0.2,2.0,0.047,15.0,60.0,0.9955,3.36,0.44,10.9,0.25,5
10.5,0.24,0.47,2.1,0.066,6.0,24.0,0.9978,3.15,0.9,11.0,0.25,7
6.6,0.84,0.03,2.3,0.059,32.0,48.0,0.9952,3.52,0.56,12.3,0.6666666666666666,7
6.4,0.67,0.08000000000000002,2.1,0.045,19.0,48.0,0.9949,3.49,0.49,11.4,0.3958333333333333,6
9.5,0.78,0.22,1.9,0.077,6.0,32.0,0.9988,3.26,0.56,10.6,0.1875,6
9.1,0.52,0.33,1.3,0.07,9.0,30.0,0.9978,3.24,0.6,9.3,0.3,5
12.8,0.84,0.63,2.4,0.088,13.0,35.0,0.9997,3.1,0.6,10.4,0.37142857142857144,6
10.5,0.24,0.47,2.1,0.066,6.0,24.0,0.9978,3.15,0.9,11.0,0.25,7
7.8,0.55,0.35,2.2,0.074,21.0,66.0,0.9974,3.25,0.56,9.2,0.3181818181818182,5
12.3,0.39,0.63,2.3,0.091,6.0,18.0,1.0004,3.16,0.49,9.5,0.3333333333333333,5
10.4,0.41,0.55,3.2,0.076,22.0,54.0,0.9996,3.15,0.89,9.9,0.4074074074074074,6
12.3,0.39,0.63,2.3,0.091,6.0,18.0,1.0004,3.16,0.49,9.5,0.3333333333333333,5
8.0,0.67,0.3,2.0,0.06,38.0,62.0,0.9958,3.26,0.56,10.2,0.6129032258064516,6
11.1,0.45,0.73,3.2,0.066,6.0,22.0,0.9986,3.17,0.66,11.2,0.2727272727272727,6
7.0,0.62,0.18,1.5,0.062,7.0,50.0,0.9951,3.08,0.6,9.3,0.14,5
12.6,0.31000000000000005,0.72,2.2,0.072,6.0,29.0,0.9987,2.88,0.82,9.8,0.20689655172413793,8
15.6,0.685,0.76,3.7,0.1,6.0,43.0,1.0032,2.95,0.68,11.2,0.13953488372093023,7
12.5,0.38,0.6,2.6,0.081,31.0,72.0,0.9996,3.1,0.73,10.5,0.4305555555555556,5
9.3,0.48,0.29,2.1,0.127,6.0,16.0,0.9968,3.22,0.72,11.2,0.375,5
8.6,0.53,0.22,2.0,0.075,7.0,27.0,0.9967,3.2,0.56,10.2,0.25925925925925924,6
11.9,0.39,0.69,2.8,0.095,17.0,35.0,0.9994,3.1,0.61,10.8,0.4857142857142857,6
11.9,0.39,0.69,2.8,0.095,17.0,35.0,0.9994,3.1,0.61,10.8,0.4857142857142857,6
6.8,0.56,0.03,1.7000000000000002,0.084,18.0,35.0,0.9968,3.44,0.63,10.0,0.5142857142857142,6
10.4,0.33000000000000007,0.63,2.8,0.084,5.0,22.0,0.9998,3.26,0.74,11.2,0.22727272727272727,7
7.0,0.22999999999999998,0.4,1.6,0.063,21.0,67.0,0.9952,3.5,0.63,11.1,0.31343283582089554,5
11.3,0.62,0.67,5.2,0.086,6.0,19.0,0.9988,3.22,0.69,13.4,0.3157894736842105,8
8.9,0.59,0.39,2.3,0.095,5.0,22.0,0.9986,3.37,0.58,10.3,0.22727272727272727,5
9.2,0.63,0.21,2.7,0.0969999999999999,29.0,65.0,0.9988,3.28,0.58,9.6,0.4461538461538462,5
9.2,0.43,0.52,2.3,0.083,14.0,23.0,0.9976,3.35,0.61,11.3,0.6086956521739131,6
8.3,0.615,0.22,2.6,0.087,6.0,19.0,0.9982,3.26,0.61,9.3,0.3157894736842105,5
11.5,0.315,0.54,2.1,0.084,5.0,15.0,0.9987,2.98,0.7,9.2,0.3333333333333333,6
10.3,0.5,0.42,2.0,0.069,21.0,51.0,0.9982,3.16,0.72,11.5,0.4117647058823529,6
8.8,0.46,0.45,2.6,0.065,7.0,18.0,0.9947,3.32,0.79,14.0,0.3888888888888889,6
11.4,0.48333333333333334,0.69,2.1,0.09,6.0,21.0,1.0,3.17,0.62,9.2,0.2857142857142857,6
8.7,0.82,0.019999999999999962,1.2,0.07,36.0,48.0,0.9952,3.2,0.58,9.8,0.75,5
13.0,0.32,0.65,2.6,0.093,15.0,47.0,0.9996,3.05,0.61,10.6,0.3191489361702128,5
9.6,0.54,0.42,2.4,0.081,25.0,52.0,0.997,3.2,0.71,11.4,0.4807692307692308,6
12.5,0.37,0.55,2.6,0.083,25.0,68.0,0.9995,3.15,0.82,10.4,0.36764705882352944,6
9.6,0.68,0.24,2.2,0.087,5.0,28.0,0.9988,3.14,0.6,10.2,0.17857142857142858,5
9.3,0.27,0.41,2.0,0.091,6.0,16.0,0.998,3.28,0.7,9.7,0.375,5
10.4,0.24,0.49,1.7999999999999998,0.075,6.0,20.0,0.9977,3.18,1.06,11.0,0.3,6
9.4,0.685,0.10999999999999999,2.7,0.077,6.0,31.0,0.9984,3.19,0.7,10.1,0.1935483870967742,6
9.4,0.3,0.56,2.8,0.08,6.0,17.0,0.9964,3.15,0.92,11.7,0.35294117647058826,8
10.6,0.36,0.6,2.2,0.152,7.0,18.0,0.9986,3.04,1.06,9.4,0.3888888888888889,5
10.2,0.67,0.39,1.9,0.054,6.0,17.0,0.9976,3.17,0.47,10.0,0.35294117647058826,5
10.2,0.645,0.36,1.7999999999999998,0.053,5.0,14.0,0.9982,3.17,0.42,10.0,0.35714285714285715,6
9.3,0.39,0.4,2.6,0.073,10.0,26.0,0.9984,3.34,0.75,10.2,0.38461538461538464,6
9.2,0.41,0.5,2.5,0.055,12.0,25.0,0.9952,3.34,0.79,13.3,0.48,7
8.9,0.4,0.51,2.6,0.052,13.0,27.0,0.995,3.32,0.9,13.4,0.48148148148148145,7
8.7,0.69,0.31,3.0,0.086,23.0,81.0,1.0002,3.48,0.74,11.6,0.2839506172839506,6
6.5,0.39,0.23,8.3,0.051,28.0,91.0,0.9952,3.44,0.55,12.1,0.3076923076923077,6
10.7,0.35,0.53,2.6,0.07,5.0,16.0,0.9972,3.15,0.65,11.0,0.3125,8
7.8,0.52,0.25,1.9,0.081,14.0,38.0,0.9984,3.43,0.65,9.0,0.3684210526315789,6
7.2,0.34,0.32,2.5,0.09,43.0,113.0,0.9966,3.32,0.79,11.1,0.3805309734513274,5
10.7,0.35,0.53,2.6,0.07,5.0,16.0,0.9972,3.15,0.65,11.0,0.3125,8
8.7,0.69,0.31,3.0,0.086,23.0,81.0,1.0002,3.48,0.74,11.6,0.2839506172839506,6
7.8,0.52,0.25,1.9,0.081,14.0,38.0,0.9984,3.43,0.65,9.0,0.3684210526315789,6
10.4,0.44,0.73,6.549999999999999,0.074,38.0,76.0,0.999,3.17,0.85,12.0,0.5,7
10.4,0.44,0.73,6.549999999999999,0.074,38.0,76.0,0.999,3.17,0.85,12.0,0.5,7
10.5,0.24,0.42,1.7999999999999998,0.077,6.0,22.0,0.9976,3.21,1.05,10.8,0.2727272727272727,7
10.2,0.49,0.63,2.9,0.072,10.0,26.0,0.9968,3.16,0.78,12.5,0.38461538461538464,7
10.4,0.24,0.46,1.7999999999999998,0.075,6.0,21.0,0.9976,3.25,1.02,10.8,0.2857142857142857,7
11.2,0.67,0.55,2.3,0.084,6.0,13.0,1.0,3.17,0.71,9.5,0.46153846153846156,6
13.3,0.29000000000000004,0.75,2.8,0.084,23.0,43.0,0.9986,3.04,0.68,11.4,0.5348837209302325,7
10.0,0.59,0.31,2.2,0.09,26.0,62.0,0.9994,3.18,0.63,10.2,0.41935483870967744,6
10.7,0.4,0.48,2.1,0.125,15.0,49.0,0.998,3.03,0.81,9.7,0.30612244897959184,6
10.5,0.51,0.64,2.4,0.107,6.0,15.0,0.9973,3.09,0.66,11.8,0.4,7
10.5,0.51,0.64,2.4,0.107,6.0,15.0,0.9973,3.09,0.66,11.8,0.4,7
8.5,0.655,0.49,6.1,0.122,34.0,151.0,1.001,3.31,1.14,9.3,0.2251655629139073,5
12.5,0.6,0.49,4.3,0.1,5.0,14.0,1.001,3.25,0.74,11.9,0.35714285714285715,6
10.4,0.61,0.49,2.1,0.2,5.0,16.0,0.9994,3.16,0.63,8.4,0.3125,3
9.8,0.25,0.49,2.7,0.088,15.0,33.0,0.9982,3.42,0.9,10.0,0.45454545454545453,6
9.3,0.4,0.49,2.5,0.085,38.0,142.0,0.9978,3.22,0.55,9.4,0.2676056338028169,5
9.2,0.43,0.49,2.4,0.086,23.0,116.0,0.9976,3.23,0.64,9.5,0.19827586206896552,5
7.0,0.38,0.49,2.5,0.0969999999999999,33.0,85.0,0.9962,3.39,0.77,11.4,0.38823529411764707,6
9.9,0.63,0.24,2.4,0.077,6.0,33.0,0.9974,3.09,0.57,9.4,0.18181818181818182,5
11.9,0.38,0.49,2.7,0.098,12.0,42.0,1.0004,3.16,0.61,10.3,0.2857142857142857,5
11.9,0.38,0.49,2.7,0.098,12.0,42.0,1.0004,3.16,0.61,10.3,0.2857142857142857,5
10.3,0.27,0.24,2.1,0.072,15.0,33.0,0.9956,3.22,0.66,12.8,0.45454545454545453,6
10.133333333333333,0.48,0.24,2.7,0.102,13.0,32.0,1.0,3.28,0.56,10.0,0.40625,6
9.9,0.63,0.24,2.4,0.077,6.0,33.0,0.9974,3.09,0.57,9.4,0.18181818181818182,5
8.1,0.825,0.24,2.1,0.084,5.0,13.0,0.9972,3.37,0.77,10.7,0.38461538461538464,6
9.2,0.59,0.24,3.3,0.1009999999999999,20.0,47.0,0.9988,3.26,0.67,9.6,0.425531914893617,5
9.5,0.46,0.49,6.3,0.064,5.0,17.0,0.9988,3.21,0.73,11.0,0.29411764705882354,6
9.3,0.715,0.24,2.1,0.07,5.0,20.0,0.9966,3.12,0.59,9.9,0.25,5
11.2,0.66,0.24,2.5,0.085,16.0,53.0,0.9993,3.06,0.5866666666666667,11.0,0.3018867924528302,6
9.1,0.47,0.49,2.6,0.094,38.0,106.0,0.9982,3.08,0.59,9.1,0.3584905660377358,5
7.5,0.55,0.24,2.0,0.078,10.0,28.0,0.9983,3.45,0.78,9.5,0.35714285714285715,6
10.6,0.31000000000000005,0.49,2.5,0.067,6.0,21.0,0.9987,3.26,0.86,10.7,0.2857142857142857,6
12.4,0.35,0.49,2.6,0.079,27.0,69.0,0.9994,3.12,0.75,10.4,0.391304347826087,6
6.8,0.51,0.010000000000000009,2.1,0.074,9.0,25.0,0.9958,3.33,0.56,9.5,0.36,6
9.4,0.43,0.24,2.8,0.092,14.0,45.0,0.998,3.19,0.73,10.0,0.3111111111111111,6
9.5,0.46,0.24,2.7,0.092,14.0,44.0,0.998,3.12,0.74,10.0,0.3181818181818182,6
5.0,1.04,0.24,1.6,0.05,32.0,96.0,0.9934,3.74,0.62,11.5,0.3333333333333333,5
15.5,0.645,0.49,4.2,0.095,10.0,23.0,1.00315,2.92,0.74,11.1,0.43478260869565216,5
10.9,0.53,0.49,4.6,0.118,10.0,17.0,1.0002,3.07,0.56,11.7,0.5882352941176471,6
15.6,0.645,0.49,4.2,0.095,10.0,23.0,1.00315,2.92,0.74,11.1,0.43478260869565216,5
13.0,0.47,0.49,4.3,0.085,6.0,47.0,1.0021,3.3,0.68,12.7,0.1276595744680851,6
12.7,0.6,0.49,2.8,0.075,5.0,19.0,0.9994,3.14,0.57,11.4,0.2631578947368421,5
9.0,0.54,0.49,2.9,0.094,41.0,110.0,0.9982,3.08,0.61,9.2,0.37272727272727274,5
7.6,0.29000000000000004,0.49,2.7,0.092,25.0,60.0,0.9971,3.31,0.61,10.1,0.4166666666666667,6
13.0,0.47,0.49,4.3,0.085,6.0,47.0,1.0021,3.3,0.68,12.7,0.1276595744680851,6
12.7,0.6,0.49,2.8,0.075,5.0,19.0,0.9994,3.14,0.57,11.4,0.2631578947368421,5
8.7,0.7,0.24,2.5,0.226,5.0,15.0,0.9991,3.32,0.6,9.0,0.3333333333333333,6
9.8,0.5,0.49,2.6,0.25,5.0,20.0,0.999,3.31,0.79,10.7,0.25,6
6.2,0.36,0.24,2.2,0.095,19.0,42.0,0.9946,3.57,0.57,11.7,0.4523809523809524,6
10.2,0.24,0.49,2.4,0.075,10.0,28.0,0.9978,3.14,0.61,10.4,0.35714285714285715,5
9.9,0.5,0.24,2.3,0.103,6.0,14.0,0.9978,3.34,0.52,10.0,0.42857142857142855,4
8.8,0.44,0.49,2.8,0.083,18.0,111.0,0.9982,3.3,0.6,9.5,0.16216216216216217,5
8.8,0.47,0.49,2.9,0.085,17.0,110.0,0.9982,3.29,0.6,9.8,0.15454545454545454,5
10.6,0.31000000000000005,0.49,2.2,0.063,18.0,40.0,0.9976,3.14,0.51,9.8,0.45,6
12.3,0.5,0.49,2.2,0.089,5.0,14.0,1.0002,3.19,0.44,9.6,0.35714285714285715,5
12.3,0.5,0.49,2.2,0.089,5.0,14.0,1.0002,3.19,0.44,9.6,0.35714285714285715,5
12.0,0.28,0.49,1.9,0.074,10.0,21.0,0.9976,2.98,0.66,9.9,0.47619047619047616,7
7.3,0.73,0.24,1.9,0.108,18.0,102.0,0.9967,3.26,0.59,9.466666666666667,0.17647058823529413,5
9.0,0.45,0.49,2.6,0.084,21.0,75.0,0.9987,3.35,0.57,9.7,0.28,5
6.6,0.39,0.49,1.7000000000000002,0.07,23.0,149.0,0.9922,3.12,0.5,11.5,0.15436241610738255,6
9.0,0.45,0.49,2.6,0.084,21.0,75.0,0.9987,3.35,0.57,9.7,0.28,5
9.9,0.49,0.58,3.5,0.094,9.0,43.0,1.0004,3.29,0.58,9.0,0.20930232558139536,5
8.9,0.595,0.41,7.9,0.086,30.0,109.0,0.9998,3.27,0.57,9.3,0.27522935779816515,5
12.4,0.4,0.51,2.0,0.059,6.0,24.0,0.9994,3.04,0.6,9.3,0.25,6
8.5,0.585,0.18,2.1,0.078,5.0,30.0,0.9967,3.2,0.48,9.8,0.16666666666666666,6
7.7,0.835,0.0,2.6,0.081,6.0,14.0,0.9975,3.3,0.52,9.3,0.42857142857142855,5
8.3,0.58,0.13,2.9,0.096,14.0,63.0,0.9984,3.17,0.62,9.1,0.2222222222222222,6
8.8,0.48,0.41,3.3,0.092,26.0,52.0,0.9982,3.31,0.53,10.5,0.5,6
6.3,0.36,0.19,3.2,0.075,15.0,39.0,0.9956,3.56,0.52,12.7,0.38461538461538464,6
8.8,0.24,0.54,2.5,0.083,25.0,57.0,0.9983,3.39,0.54,9.2,0.43859649122807015,5
13.2,0.38,0.55,2.7,0.081,5.0,16.0,1.0006,2.98,0.54,9.4,0.3125,5
7.5,0.64,0.0,2.4,0.077,18.0,29.0,0.9965,3.32,0.6,10.0,0.6206896551724138,6
9.6,0.6,0.5,2.3,0.079,28.0,71.0,0.9997,3.5,0.57,9.7,0.39436619718309857,5
11.5,0.31000000000000005,0.51,2.2,0.079,14.0,28.0,0.9982,3.03,0.93,9.8,0.5,6
11.3,0.37,0.41,2.3,0.088,6.0,16.0,0.9988,3.09,0.8,9.3,0.375,5
8.3,0.54,0.24,3.4,0.076,16.0,112.0,0.9976,3.27,0.61,9.4,0.14285714285714285,5
8.2,0.56,0.23,3.4,0.078,14.0,104.0,0.9976,3.28,0.62,9.4,0.1346153846153846,5
10.0,0.58,0.22,1.9,0.08,9.0,32.0,0.9974,3.13,0.55,9.5,0.28125,5
6.8,0.69,0.0,5.6,0.124,21.0,58.0,0.9997,3.46,0.72,10.2,0.3620689655172414,5
8.8,0.6,0.29,2.2,0.098,5.0,15.0,0.9988,3.36,0.49,9.1,0.3333333333333333,5
8.8,0.6,0.29,2.2,0.098,5.0,15.0,0.9988,3.36,0.49,9.1,0.3333333333333333,5
8.7,0.54,0.26,2.5,0.0969999999999999,7.0,31.0,0.9976,3.27,0.6,9.3,0.22580645161290322,6
7.6,0.685,0.23,2.3,0.111,20.0,84.0,0.9964,3.21,0.61,9.3,0.23809523809523808,5
8.7,0.54,0.26,2.5,0.0969999999999999,7.0,31.0,0.9976,3.27,0.6,9.3,0.22580645161290322,6
10.4,0.28,0.54,2.7,0.105,5.0,19.0,0.9988,3.25,0.63,9.5,0.2631578947368421,5
7.6,0.41,0.14,3.0,0.087,21.0,43.0,0.9964,3.32,0.57,10.5,0.4883720930232558,6
10.1,0.935,0.22,3.4,0.105,11.0,86.0,1.001,3.43,0.64,11.3,0.12790697674418605,4
8.7,0.84,0.0,1.4,0.065,24.0,33.0,0.9954,3.27,0.55,9.7,0.7272727272727273,5
9.6,0.88,0.28,2.4,0.086,30.0,147.0,0.9979,3.24,0.53,9.4,0.20408163265306123,5
9.5,0.885,0.27,2.3,0.084,31.0,145.0,0.9978,3.24,0.53,9.4,0.21379310344827587,5
8.9,0.29000000000000004,0.35,1.9,0.067,25.0,57.0,0.997,3.18,1.36,10.3,0.43859649122807015,6
9.9,0.54,0.45,2.3,0.071,16.0,40.0,0.9991,3.39,0.62,9.4,0.4,5
9.9,0.54,0.45,2.3,0.071,16.0,40.0,0.9991,3.39,0.62,9.4,0.4,5
9.9,0.54,0.45,2.3,0.071,16.0,40.0,0.9991,3.39,0.62,9.4,0.4,5
8.3,0.845,0.010000000000000009,2.2,0.07,5.0,14.0,0.9967,3.32,0.58,11.0,0.35714285714285715,4
8.7,0.48,0.3,2.8,0.066,10.0,39.333333333333336,0.9964,3.33,0.67,11.2,0.2542372881355932,7
6.7,0.42,0.27,8.600000000000001,0.068,24.0,148.0,0.9948,3.16,0.57,11.3,0.16216216216216217,6
10.7,0.43,0.39,2.2,0.106,8.0,32.0,0.9986,2.89,0.5,9.6,0.25,5
9.4,0.33000000000000007,0.59,2.8,0.079,9.0,30.0,0.9976,3.12,0.54,12.0,0.3,6
8.6,0.47,0.47,2.4,0.074,7.0,29.0,0.9979,3.08,0.4600000000000001,9.5,0.2413793103448276,5
9.7,0.55,0.17,2.9,0.087,20.0,53.0,1.0004,3.14,0.61,9.4,0.37735849056603776,5
10.7,0.43,0.39,2.2,0.106,8.0,32.0,0.9986,2.89,0.5,9.6,0.25,5
12.0,0.5,0.59,1.4,0.073,23.0,42.0,0.998,2.92,0.68,10.5,0.5476190476190477,7
7.2,0.52,0.07,1.4,0.074,5.0,20.0,0.9973,3.32,0.81,9.6,0.25,6
7.2,0.52,0.07,1.4,0.074,5.0,20.0,0.9973,3.32,0.81,9.6,0.25,6
7.5,0.42,0.31,1.6,0.08,15.0,42.0,0.9978,3.31,0.64,9.0,0.35714285714285715,5
7.2,0.57,0.060000000000000026,1.6,0.076,9.0,27.0,0.9972,3.36,0.7,9.6,0.3333333333333333,6
9.4,0.59,0.14,2.0,0.084,25.0,48.0,0.9981,3.14,0.56,9.7,0.5208333333333334,5
8.3,0.49,0.36,1.7999999999999998,0.222,6.0,16.0,0.998,3.18,0.6,9.5,0.375,6
11.3,0.3516666666666667,0.45,2.0,0.0819999999999999,6.0,15.0,0.9988,2.94,0.66,9.2,0.4,6
11.3,0.34,0.45,2.0,0.0819999999999999,6.0,15.0,0.9988,2.94,0.66,9.2,0.4,6
8.2,0.73,0.21,1.7000000000000002,0.074,5.0,13.0,0.9968,3.2,0.52,9.5,0.38461538461538464,5
8.2,0.73,0.21,1.7000000000000002,0.074,5.0,13.0,0.9968,3.2,0.52,9.5,0.38461538461538464,5
10.8,0.4,0.41,2.2,0.084,7.0,17.0,0.9984,3.08,0.67,9.3,0.4117647058823529,6
8.6,0.8,0.10999999999999999,2.3,0.084,12.0,31.0,0.9979,3.4,0.48,9.9,0.3870967741935484,5
8.3,0.78,0.1,2.6,0.081,45.0,87.0,0.9983,3.48,0.53,10.0,0.5172413793103449,5
10.8,0.26,0.45,3.3,0.06,20.0,49.0,0.9972,3.13,0.54,9.6,0.40816326530612246,5
8.0,0.45,0.23,2.2,0.094,16.0,29.0,0.9962,3.21,0.49,10.2,0.5517241379310345,6
8.5,0.46,0.31,2.25,0.078,32.0,58.0,0.998,3.33,0.54,9.8,0.5517241379310345,5
8.1,0.78,0.23,2.6,0.059,5.0,15.0,0.997,3.37,0.56,11.3,0.3333333333333333,5
9.8,0.98,0.32,2.3,0.078,35.0,152.0,0.998,3.25,0.48,9.4,0.23026315789473684,5
8.1,0.78,0.23,2.6,0.059,5.0,15.0,0.997,3.37,0.56,11.3,0.3333333333333333,5
7.7,0.66,0.04000000000000001,1.6,0.03900000000000001,3.9999999999999982,9.0,0.9962,3.4,0.47,9.4,0.44444444444444425,5
8.1,0.38,0.48,1.7999999999999998,0.157,5.0,17.0,0.9976,3.3,1.05,9.4,0.29411764705882354,5
9.2,0.9199999999999999,0.24,2.6,0.087,12.0,93.0,0.9998,3.48,0.54,9.8,0.12903225806451613,5
8.6,0.49,0.51,2.0,0.42199999999999993,16.0,62.0,0.9979,3.03,1.17,9.0,0.25806451612903225,5
9.0,0.48,0.32,2.8,0.084,21.0,122.0,0.9984,3.32,0.62,9.4,0.1721311475409836,5
9.0,0.47,0.31,2.7,0.084,24.0,125.0,0.9984,3.31,0.61,9.4,0.192,5
5.1,0.47,0.019999999999999962,1.3,0.034,18.0,44.0,0.9921,3.9,0.62,12.8,0.4090909090909091,6
7.0,0.65,0.019999999999999962,2.1,0.066,8.0,25.0,0.9972,3.47,0.67,9.5,0.32,6
9.4,0.615,0.28,3.2,0.087,18.0,72.0,1.0001,3.31,0.53,9.7,0.25,5
11.8,0.38,0.55,2.1,0.071,5.0,19.0,0.9986,3.11,0.62,10.8,0.2631578947368421,6
10.6,1.02,0.43,2.9,0.076,26.0,88.0,0.9984,3.08,0.57,10.1,0.29545454545454547,6
7.0,0.65,0.019999999999999962,2.1,0.066,8.0,25.0,0.9972,3.47,0.67,9.5,0.32,6
7.0,0.64,0.019999999999999962,2.1,0.067,9.0,23.0,0.997,3.47,0.67,9.4,0.391304347826087,6
7.5,0.38,0.48,2.6,0.073,22.0,84.0,0.9972,3.32,0.7,9.6,0.2619047619047619,4
9.1,0.765,0.04000000000000001,1.6,0.078,3.9999999999999982,14.0,0.998,3.29,0.54,9.7,0.2857142857142856,4
8.4,1.035,0.15000000000000002,6.0,0.073,11.0,54.0,0.999,3.37,0.49,9.9,0.2037037037037037,5
7.0,0.78,0.08000000000000002,2.0,0.093,10.0,19.0,0.9956,3.4,0.47,10.0,0.5263157894736842,5
7.4,0.49,0.19,3.0,0.077,16.0,37.0,0.9966,3.37,0.51,10.5,0.43243243243243246,5
7.8,0.545,0.12,2.5,0.068,11.0,35.0,0.996,3.34,0.61,11.6,0.3142857142857143,6
10.6,1.025,0.43,2.8,0.08,21.0,84.0,0.9985,3.06,0.57,10.1,0.25,5
8.9,0.565,0.34,3.0,0.093,16.0,112.0,0.9998,3.38,0.61,9.5,0.14285714285714285,5
9.9,0.74,0.28,2.6,0.078,21.0,77.0,0.998,3.28,0.51,9.8,0.2727272727272727,5
7.6,0.46,0.10999999999999999,2.6,0.079,12.0,49.0,0.9968,3.21,0.57,10.0,0.24489795918367346,5
8.4,0.56,0.04000000000000001,2.0,0.0819999999999999,10.0,39.666666666666664,0.9976,3.22,0.44,9.6,0.25210084033613445,5
7.1,0.66,0.0,3.9,0.086,17.0,45.0,0.9976,3.46,0.54,9.5,0.37777777777777777,5
8.4,0.56,0.04000000000000001,2.0,0.0819999999999999,10.0,22.0,0.9976,3.22,0.44,9.6,0.45454545454545453,5
8.9,0.48,0.24,2.85,0.094,35.0,106.0,0.9982,3.1,0.53,9.2,0.330188679245283,5
7.1,0.31000000000000005,0.3,2.2,0.053,36.0,127.0,0.9965,2.94,1.62,9.5,0.28346456692913385,5
9.0,0.66,0.17,3.0,0.077,5.0,13.0,0.9976,3.29,0.55,10.4,0.38461538461538464,5
8.1,0.72,0.09,2.8,0.084,18.0,49.0,0.9994,3.43,0.72,11.1,0.3673469387755102,6
6.4,0.57,0.019999999999999962,1.7999999999999998,0.067,3.9999999999999982,11.0,0.997,3.46,0.68,9.5,0.3636363636363635,5
6.4,0.57,0.019999999999999962,1.7999999999999998,0.067,3.9999999999999982,11.0,0.997,3.46,0.68,9.5,0.3636363636363635,5
6.4,0.865,0.03,3.2,0.071,27.0,58.0,0.995,3.61,0.49,12.7,0.46551724137931033,6
9.5,0.55,0.66,1.9666666666666668,0.387,12.0,37.0,0.9982,3.17,0.67,9.6,0.32432432432432434,5
8.9,0.875,0.13,3.45,0.088,3.9999999999999982,14.0,0.9994,3.44,0.52,11.5,0.2857142857142856,5
7.3,0.835,0.03,2.1,0.092,10.0,19.0,0.9966,3.39,0.47,9.6,0.5263157894736842,5
7.0,0.45,0.34,2.7,0.0819999999999999,16.0,72.0,0.998,3.55,0.6,9.5,0.2222222222222222,5
7.7,0.56,0.2,2.0,0.075,9.0,39.0,0.9987,3.48,0.62,9.3,0.23076923076923078,5
7.7,0.9650000000000001,0.1,2.1,0.1119999999999999,11.0,22.0,0.9963,3.26,0.5,9.5,0.5,5
8.2,0.59,0.0,2.5,0.093,19.0,58.0,1.0002,3.5,0.65,9.3,0.3275862068965517,6
9.0,0.69,0.0,2.4,0.088,19.0,38.0,0.999,3.35,0.6,9.3,0.5,5
8.3,0.76,0.29,4.2,0.075,12.0,16.0,0.9965,3.45,0.68,11.5,0.75,6
9.2,0.53,0.24,2.6,0.078,28.0,139.0,0.99788,3.21,0.57,9.5,0.2014388489208633,5
11.1,0.39,0.54,2.7,0.095,21.0,101.0,1.0001,3.13,0.51,9.5,0.2079207920792079,5
7.3,0.51,0.18,2.1,0.07,12.0,28.0,0.99768,3.52,0.73,9.5,0.42857142857142855,6
8.2,0.34,0.38,2.5,0.08,12.0,57.0,0.9978,3.3,0.47,9.0,0.21052631578947367,6
7.2,0.5,0.18,2.1,0.071,12.0,31.0,0.99761,3.52,0.72,9.6,0.3870967741935484,6
7.3,0.51,0.18,2.1,0.07,12.0,28.0,0.99768,3.52,0.73,9.5,0.42857142857142855,6
8.3,0.65,0.1,2.9,0.089,17.0,40.0,0.99803,3.29,0.55,9.5,0.425,5
7.6,0.54,0.13,2.5,0.0969999999999999,24.0,66.0,0.99785,3.39,0.61,9.4,0.36363636363636365,5
8.3,0.65,0.1,2.9,0.089,17.0,40.0,0.99803,3.29,0.55,9.5,0.425,5
7.8,0.48,0.6800000000000002,1.7000000000000002,0.4149999999999999,14.0,32.0,0.99656,3.09,1.06,9.1,0.4375,6
7.8,0.91,0.07,1.9,0.0579999999999999,22.0,47.0,0.99525,3.51,0.43,10.7,0.46808510638297873,6
6.3,0.98,0.010000000000000009,2.0,0.057,15.0,33.0,0.99488,3.6,0.4600000000000001,11.2,0.45454545454545453,6
8.1,0.87,0.0,2.2,0.084,10.0,31.0,0.99656,3.25,0.5,9.8,0.3225806451612903,5
8.1,0.87,0.0,2.2,0.084,10.0,31.0,0.99656,3.25,0.5,9.8,0.3225806451612903,5
8.8,0.42,0.21,2.5,0.092,33.0,88.0,0.99823,3.19,0.52,9.2,0.375,5
9.0,0.58,0.25,2.8,0.075,9.0,104.0,0.99779,3.23,0.57,9.7,0.08653846153846154,5
9.3,0.655,0.26,2.0,0.096,5.0,35.0,0.99738,3.25,0.42,9.6,0.14285714285714285,5
8.8,0.7,0.0,1.7000000000000002,0.069,8.0,19.0,0.99701,3.31,0.53,10.0,0.42105263157894735,6
9.1,0.68,0.10999999999999999,2.8,0.093,11.0,44.0,0.99888,3.31,0.55,9.5,0.25,6
9.2,0.67,0.1,3.0,0.091,12.0,48.0,0.99888,3.31,0.54,9.5,0.25,6
8.8,0.59,0.18,2.9,0.089,12.0,74.0,0.99738,3.14,0.54,9.4,0.16216216216216217,5
7.1,0.59,0.019999999999999962,2.3,0.0819999999999999,24.0,94.0,0.99744,3.55,0.53,9.7,0.2553191489361702,6
7.9,0.72,0.010000000000000009,1.9,0.076,7.0,32.0,0.99668,3.39,0.54,9.6,0.21875,5
7.1,0.59,0.019999999999999962,2.3,0.0819999999999999,24.0,94.0,0.99744,3.55,0.53,9.7,0.2553191489361702,6
9.4,0.685,0.26,2.4,0.0819999999999999,23.0,143.0,0.9978,3.28,0.55,9.4,0.16083916083916083,5
9.5,0.57,0.27,2.3,0.0819999999999999,23.0,144.0,0.99782,3.27,0.55,9.4,0.1597222222222222,5
7.2,1.0,0.0,3.0,0.102,7.0,16.0,0.99586,3.43,0.4600000000000001,10.0,0.4375,5
6.9,0.635,0.17,2.4,0.241,6.0,18.0,0.9961,3.4,0.59,10.3,0.3333333333333333,6
8.3,0.43,0.3,3.4,0.079,7.0,34.0,0.99788,3.36,0.61,10.5,0.20588235294117646,5
7.1,0.52,0.03,2.6,0.076,21.0,92.0,0.99745,3.5,0.6,9.8,0.22826086956521738,5
7.0,0.57,0.0,2.0,0.19,12.0,45.0,0.99676,3.31,0.6,9.4,0.26666666666666666,6
6.5,0.46,0.14,2.4,0.114,9.0,37.0,0.99732,3.66,0.65,9.8,0.24324324324324326,5
7.1,0.59,0.010000000000000009,2.5,0.077,20.0,85.0,0.99746,3.55,0.59,9.8,0.23529411764705882,5
9.9,0.35,0.41,2.3,0.083,11.0,61.0,0.9982,3.21,0.5,9.5,0.18032786885245902,5
10.0,0.56,0.24,2.2,0.08666666666666667,19.0,58.0,0.9991,3.18,0.56,10.1,0.3275862068965517,6
10.0,0.56,0.24,2.2,0.079,19.0,56.0,0.9991,3.18,0.56,10.1,0.3392857142857143,6
8.6,0.63,0.17,2.9,0.099,21.0,119.0,0.998,3.09,0.52,9.3,0.17647058823529413,5
7.4,0.37,0.43,2.6,0.0819999999999999,18.0,82.0,0.99708,3.33,0.68,9.7,0.21951219512195122,6
8.8,0.64,0.17,2.9,0.084,25.0,130.0,0.99818,3.23,0.54,9.6,0.19230769230769232,5
7.1,0.61,0.019999999999999962,2.5,0.081,17.0,87.0,0.99745,3.48,0.6,9.7,0.19540229885057472,6
7.7,0.6,0.0,2.6,0.055,7.0,13.0,0.99639,3.38,0.56,10.8,0.5384615384615384,5
10.1,0.27,0.54,2.3,0.065,7.0,26.0,0.99531,3.17,0.53,12.5,0.2692307692307692,6
10.8,0.89,0.3,2.6,0.132,7.0,60.0,0.99786,2.99,1.18,10.2,0.11666666666666667,5
8.7,0.46,0.31,2.5,0.126,24.0,64.0,0.99746,3.1,0.74,9.6,0.375,5
9.3,0.37,0.44,1.6,0.038,21.0,42.0,0.99526,3.24,0.81,10.8,0.5,7
9.4,0.5,0.34,3.6,0.0819999999999999,5.0,14.0,0.9987,3.29,0.52,10.7,0.35714285714285715,6
8.6,0.55,0.09,3.3,0.068,8.0,17.0,0.99735,3.23,0.44,10.0,0.47058823529411764,5
7.7,0.56,0.08000000000000002,2.5,0.114,14.0,46.0,0.9971,3.24,0.66,9.6,0.30434782608695654,6
8.4,0.52,0.22,2.7,0.084,3.9999999999999982,18.0,0.99682,3.26,0.57,9.9,0.22222222222222213,6
8.4,0.25,0.39,2.0,0.0409999999999999,3.9999999999999982,10.0,0.99386,3.27,0.71,12.5,0.3999999999999998,7
7.4,0.53,0.12,1.9,0.165,3.9999999999999982,12.0,0.99702,3.26,0.86,9.2,0.3333333333333332,5
7.6,0.48,0.31,2.8,0.07,3.9999999999999982,15.0,0.99693,3.22,0.55,10.3,0.26666666666666655,6
7.3,0.49,0.1,2.6,0.068,3.9999999999999982,14.0,0.99562,3.3,0.47,10.5,0.2857142857142856,5
12.9,0.5,0.55,2.8,0.072,7.0,24.0,1.00012,3.09,0.68,10.9,0.2916666666666667,6
6.9,0.39,0.24,2.1,0.102,3.9999999999999982,7.0,0.99462,3.44,0.58,11.4,0.5714285714285712,4
12.6,0.41,0.54,2.8,0.103,19.0,41.0,0.99939,3.21,0.76,11.3,0.4634146341463415,6
9.1,0.66,0.15000000000000002,3.2,0.0969999999999999,9.0,59.0,0.99976,3.28,0.54,9.6,0.15254237288135594,5
7.0,0.685,0.0,1.9,0.099,9.0,22.0,0.99606,3.34,0.6,9.7,0.4090909090909091,5
4.9,0.42,0.0,2.1,0.048,16.0,42.0,0.99154,3.71,0.74,14.0,0.38095238095238093,7
6.7,0.54,0.13,2.0,0.076,15.0,36.0,0.9973,3.61,0.64,9.8,0.4166666666666667,5
7.1,0.48,0.28,2.8,0.068,6.0,16.0,0.99682,3.24,0.53,10.3,0.375,5
7.5,0.27,0.34,1.7999999999999998,0.05,3.9999999999999982,8.0,0.9951,3.4,0.64,11.0,0.4999999999999998,7
7.1,0.46,0.14,2.8,0.076,15.0,37.0,0.99624,3.36,0.49,10.7,0.40540540540540543,5
7.5,0.685,0.07,2.5,0.0579999999999999,5.0,9.0,0.99632,3.38,0.55,10.9,0.5555555555555556,4
5.9,0.61,0.08000000000000002,2.1,0.071,16.0,24.0,0.99376,3.56,0.77,11.1,0.6666666666666666,6
11.6,0.47,0.44,1.6,0.147,36.0,51.0,0.99836,3.38,0.86,9.9,0.7058823529411765,4
6.7,0.28,0.28,2.4,0.011999999999999997,36.0,100.0,0.99064,3.26,0.39,11.7,0.36,7
6.7,0.28,0.28,2.4,0.011999999999999997,36.0,100.0,0.99064,3.26,0.39,11.7,0.36,7
10.1,0.31000000000000005,0.35,1.6,0.075,9.0,28.0,0.99672,3.24,0.83,11.2,0.32142857142857145,7
10.6,0.5,0.45,2.6,0.119,34.0,68.0,0.99708,3.23,0.72,10.9,0.5,6
7.1,0.685,0.35,2.0,0.088,9.0,92.0,0.9963,3.28,0.62,9.4,0.09782608695652174,5
6.4,0.64,0.21,1.7999999999999998,0.081,14.0,31.0,0.99689,3.59,0.66,9.8,0.45161290322580644,5
7.4,0.68,0.16,1.7999999999999998,0.078,12.0,39.0,0.9977,3.5,0.7,9.9,0.3076923076923077,6
6.4,0.64,0.21,1.7999999999999998,0.081,14.0,31.0,0.99689,3.59,0.66,9.8,0.45161290322580644,5
9.3,0.43,0.44,1.9,0.085,9.0,22.0,0.99708,3.28,0.55,9.5,0.4090909090909091,5
9.3,0.43,0.44,1.9,0.085,9.0,22.0,0.99708,3.28,0.55,9.5,0.4090909090909091,5
9.3,0.36,0.39,1.5,0.08,41.0,55.0,0.99652,3.47,0.73,10.9,0.7454545454545455,6
9.3,0.36,0.39,1.5,0.08,41.0,55.0,0.99652,3.47,0.73,10.9,0.7454545454545455,6
9.3,0.36,0.39,1.5,0.08,41.0,55.0,0.99652,3.47,0.73,10.9,0.7454545454545455,6
8.2,0.26,0.34,2.5,0.073,16.0,47.0,0.99594,3.4,0.78,11.3,0.3404255319148936,7
11.7,0.28,0.47,1.7000000000000002,0.054,17.0,32.0,0.99686,3.15,0.67,10.6,0.53125,7
7.2,0.62,0.060000000000000026,2.7,0.077,15.0,85.0,0.99746,3.51,0.54,9.5,0.17647058823529413,5
7.5,0.42,0.32,2.7,0.067,7.0,25.0,0.99628,3.24,0.44,10.4,0.28,5
7.2,0.62,0.060000000000000026,2.5,0.078,17.0,84.0,0.99746,3.51,0.53,9.7,0.20238095238095238,5
7.2,0.635,0.07,2.6,0.077,16.0,86.0,0.99748,3.51,0.54,9.7,0.18604651162790697,5
6.9,0.56,0.03,1.5,0.086,36.0,46.0,0.99522,3.53,0.57,10.6,0.782608695652174,5
7.3,0.35,0.24,2.0,0.067,28.0,48.0,0.99576,3.43,0.54,10.0,0.5833333333333334,4
8.8,0.31000000000000005,0.4,2.8,0.109,7.0,16.0,0.99614,3.31,0.79,11.8,0.4375,7
7.7,0.715,0.010000000000000009,2.1,0.064,31.0,43.0,0.99371,3.41,0.57,11.8,0.7209302325581395,6
7.6,0.715,0.0,2.1,0.068,30.0,35.0,0.99533,3.48,0.65,11.4,0.8571428571428571,6
8.4,0.31000000000000005,0.29,3.1,0.1939999999999999,14.0,26.0,0.99536,3.22,0.78,12.0,0.5384615384615384,6
8.8,0.61,0.19,4.0,0.094,30.0,69.0,0.99787,3.22,0.5,10.0,0.43478260869565216,6
8.9,0.75,0.14,2.5,0.086,9.0,30.0,0.99824,3.34,0.64,10.5,0.3,5
9.0,0.8,0.12,2.4,0.083,8.0,28.0,0.99836,3.33,0.65,10.4,0.2857142857142857,6
6.8,0.57,0.0,2.5,0.072,32.0,64.0,0.99491,3.43,0.56,11.2,0.5,6
10.7,0.9,0.34,6.6,0.1119999999999999,23.0,99.0,1.00289,3.22,0.68,9.3,0.23232323232323232,5
7.2,0.66,0.03,2.3,0.078,16.0,86.0,0.99743,3.53,0.57,9.7,0.18604651162790697,5
10.1,0.45,0.23,1.9,0.0819999999999999,10.0,18.0,0.99774,3.22,0.65,9.3,0.5555555555555556,6
7.2,0.66,0.03,2.3,0.078,16.0,86.0,0.99743,3.53,0.57,9.7,0.18604651162790697,5
7.2,0.63,0.03,2.2,0.08,17.0,88.0,0.99745,3.53,0.58,9.8,0.19318181818181818,6
7.1,0.59,0.010000000000000009,2.3,0.08,27.0,43.0,0.9955,3.42,0.58,10.7,0.627906976744186,6
8.3,0.31000000000000005,0.39,2.4,0.078,17.0,43.0,0.99444,3.31,0.77,12.5,0.3953488372093023,7
7.1,0.59,0.010000000000000009,2.3,0.08,27.0,43.0,0.9955,3.42,0.58,10.7,0.627906976744186,6
8.3,0.31000000000000005,0.39,2.4,0.078,17.0,43.0,0.99444,3.31,0.77,12.5,0.3953488372093023,7
8.9,0.31000000000000005,0.36,2.6,0.0559999999999999,10.0,39.0,0.99562,3.4,0.69,11.8,0.2564102564102564,5
7.4,0.635,0.1,2.4,0.08,16.0,33.0,0.99736,3.58,0.69,10.8,0.48484848484848486,7
7.4,0.635,0.1,2.4,0.08,16.0,33.0,0.99736,3.58,0.69,10.8,0.48484848484848486,7
6.8,0.59,0.060000000000000026,6.0,0.06,11.0,18.0,0.9962,3.41,0.59,10.8,0.6111111111111112,7
7.2,0.54,0.27,2.6,0.084,12.0,78.0,0.9964,3.39,0.71,11.0,0.15384615384615385,5
6.1,0.56,0.0,2.2,0.079,6.0,9.0,0.9948,3.59,0.54,11.5,0.6666666666666666,6
7.4,0.52,0.13,2.4,0.078,34.0,61.0,0.99528,3.43,0.59,10.8,0.5573770491803278,6
9.3,0.38,0.48,3.8,0.132,3.0,11.0,0.99577,3.23,0.57,13.2,0.2727272727272727,6
10.0,0.46,0.44,2.9,0.065,3.9999999999999982,8.0,0.99674,3.33,0.62,12.2,0.4999999999999998,6
8.299999999999999,0.315,0.4,2.2,0.079,3.0,6.0,0.99512,3.27,0.67,11.9,0.5,6
5.3,0.715,0.19,1.8666666666666667,0.161,7.0,62.0,0.99395,3.62,0.61,11.0,0.11290322580645161,5
8.4,0.36,0.32,2.2,0.081,32.0,79.0,0.9964,3.3,0.72,11.0,0.4050632911392405,6
8.4,0.62,0.12,1.7999999999999998,0.072,38.0,46.0,0.99504,3.38,0.89,11.8,0.8260869565217391,6
9.6,0.41,0.37,2.3,0.091,10.0,23.0,0.99786,3.24,0.56,10.5,0.43478260869565216,5
8.4,0.62,0.12,1.7999999999999998,0.072,38.0,46.0,0.99504,3.38,0.89,11.8,0.8260869565217391,6
8.6,0.47,0.27,2.3,0.055,14.0,28.0,0.99516,3.18,0.8,11.2,0.5,5
8.6,0.21999999999999997,0.36,1.9,0.064,53.0,77.0,0.99604,3.47,0.87,11.0,0.6883116883116883,7
9.4,0.24,0.33,2.3,0.061,52.0,73.0,0.99786,3.47,0.9,10.2,0.7123287671232876,6
8.4,0.67,0.19,2.2,0.093,11.0,75.0,0.99736,3.2,0.59,9.2,0.14666666666666667,4
8.6,0.47,0.27,2.3,0.055,14.0,28.0,0.99516,3.18,0.8,11.2,0.5,5
8.7,0.33000000000000007,0.38,3.3,0.063,10.0,19.0,0.99468,3.3,0.73,12.0,0.5263157894736842,7
7.4,0.61,0.010000000000000009,2.0,0.074,13.0,38.0,0.99748,3.48,0.65,9.8,0.34210526315789475,5
7.6,0.4,0.29,1.9,0.078,29.0,66.0,0.9971,3.45,0.59,9.5,0.4393939393939394,6
6.6,0.61,0.010000000000000009,1.9,0.08,8.0,25.0,0.99746,3.69,0.73,10.5,0.32,5
8.8,0.3,0.38,2.3,0.06,19.0,72.0,0.99543,3.39,0.72,11.8,0.2638888888888889,6
6.2,0.46,0.17,1.6,0.073,7.0,11.0,0.99425,3.61,0.54,11.4,0.6363636363636364,5
9.9,0.27,0.49,5.0,0.0819999999999999,9.0,17.0,0.99484,3.19,0.52,12.5,0.5294117647058824,7
10.1,0.43,0.4,2.6,0.092,13.0,52.0,0.99834,3.22,0.64,10.0,0.25,7
8.3,0.3,0.49,3.8,0.09,11.0,24.0,0.99498,3.27,0.64,12.1,0.4583333333333333,7
10.2,0.44,0.58,4.1,0.092,11.0,24.0,0.99745,3.29,0.99,12.0,0.4583333333333333,7
8.3,0.28,0.48,2.1,0.093,6.0,12.0,0.99408,3.26,0.62,12.4,0.5,7
8.9,0.12,0.45,1.7999999999999998,0.075,10.0,21.0,0.99552,3.41,0.76,11.9,0.47619047619047616,7
8.9,0.12,0.45,1.7999999999999998,0.075,10.0,21.0,0.99552,3.41,0.76,11.9,0.47619047619047616,7
8.3,0.28,0.48,2.1,0.093,6.0,12.0,0.99408,3.26,0.62,12.4,0.5,7
8.2,0.31000000000000005,0.4,2.2,0.0579999999999999,6.0,10.0,0.99536,3.31,0.68,11.2,0.6,7
10.2,0.34,0.48,2.1,0.052,5.0,9.0,0.99458,3.2,0.69,12.1,0.5555555555555556,7
8.5,0.20999999999999996,0.52,1.9,0.09,9.0,23.0,0.99648,3.36,0.67,10.4,0.391304347826087,5
9.0,0.36,0.52,2.1,0.111,5.0,10.0,0.99568,3.31,0.62,11.3,0.5,6
6.4,0.57,0.12,2.3,0.12,25.0,36.0,0.99519,3.47,0.71,11.3,0.6944444444444444,7
8.5,0.47,0.27,1.9,0.0579999999999999,18.0,38.0,0.99518,3.16,0.85,11.1,0.47368421052631576,6
7.1,0.56,0.14,1.6,0.078,7.0,18.0,0.99592,3.27,0.62,9.3,0.3888888888888889,5
6.6,0.57,0.019999999999999962,2.1,0.115,6.0,16.0,0.99654,3.38,0.69,9.5,0.375,5
8.5,0.47,0.27,1.9,0.0579999999999999,18.0,38.0,0.99518,3.16,0.85,11.1,0.47368421052631576,6
8.5,0.66,0.2,2.1,0.0969999999999999,23.0,113.0,0.99733,3.13,0.48,9.2,0.20353982300884957,5
9.0,0.4,0.43,2.4,0.068,29.0,46.0,0.9943,3.2,0.6,12.2,0.6304347826086957,6
10.4,0.26,0.48,1.9,0.066,6.0,10.0,0.99724,3.33,0.87,10.9,0.6,6
8.8,0.33000000000000007,0.41,5.9,0.073,7.0,13.0,0.99658,3.3,0.62,12.1,0.5384615384615384,7
7.2,0.41,0.3,2.1,0.083,35.0,72.0,0.997,3.44,0.52,9.4,0.4861111111111111,5
8.4,0.59,0.29,2.6,0.109,31.0,119.0,0.99801,3.15,0.5,9.1,0.2605042016806723,5
7.0,0.4,0.32,3.6,0.061,9.0,29.0,0.99416,3.28,0.49,11.3,0.3103448275862069,7
9.1,0.5,0.3,1.9,0.065,8.0,17.0,0.99774,3.32,0.71,10.5,0.47058823529411764,6
9.5,0.86,0.26,1.9,0.079,13.0,28.0,0.99712,3.25,0.62,10.0,0.4642857142857143,5
7.3,0.52,0.32,2.1,0.07,51.0,70.0,0.99418,3.34,0.82,12.9,0.7285714285714285,6
9.1,0.5,0.3,1.9,0.065,8.0,17.0,0.99774,3.32,0.71,10.5,0.47058823529411764,6
7.4,0.58,0.0,2.0,0.064,7.0,11.0,0.99562,3.45,0.58,11.3,0.6363636363636364,6
7.1,0.36,0.3,1.6,0.08,35.0,70.0,0.99693,3.44,0.5,9.4,0.5,5
7.7,0.39,0.12,1.7000000000000002,0.0969999999999999,19.0,27.0,0.99596,3.16,0.49,9.4,0.7037037037037037,5
9.7,0.295,0.4,1.5,0.073,14.0,21.0,0.99556,3.14,0.51,10.9,0.6666666666666666,6
7.7,0.39,0.12,1.7000000000000002,0.0969999999999999,19.0,27.0,0.99596,3.16,0.49,9.4,0.7037037037037037,5
7.1,0.34,0.28,2.0,0.0819999999999999,31.0,68.0,0.99694,3.45,0.48,9.4,0.45588235294117646,5
7.1,0.34,0.28,2.0,0.0819999999999999,31.0,68.0,0.99694,3.45,0.48,9.4,0.45588235294117646,5
7.7,0.6,0.12,2.0,0.079,19.0,41.0,0.99697,3.39,0.62,10.1,0.4634146341463415,6
8.9,0.84,0.34,1.4,0.05,3.9999999999999982,10.0,0.99554,3.12,0.48,9.1,0.3999999999999998,6
6.4,0.69,0.0,1.65,0.055,7.0,12.0,0.99162,3.47,0.53,12.9,0.5833333333333334,6
7.5,0.43,0.3,2.2,0.08533333333333333,6.0,12.0,0.99495,3.44,0.72,11.5,0.5,7
8.2,0.43,0.29,1.6,0.081,27.0,45.0,0.99603,3.25,0.54,10.3,0.6,5
6.8,0.36,0.32,1.7999999999999998,0.067,3.9999999999999982,8.0,0.9928,3.36,0.55,12.8,0.4999999999999998,7
9.1,0.29000000000000004,0.33,2.05,0.063,13.0,27.0,0.99516,3.26,0.84,11.7,0.48148148148148145,7
9.1,0.3,0.34,2.0,0.064,12.0,25.0,0.99516,3.26,0.84,11.7,0.48,7
8.9,0.35,0.4,3.6,0.11,12.0,24.0,0.99549,3.23,0.7,12.0,0.5,7
8.9,0.28,0.45,1.7000000000000002,0.067,7.0,12.0,0.99354,3.25,0.55,12.3,0.5833333333333334,7
8.9,0.32,0.31,2.0,0.088,12.0,19.0,0.9957,3.17,0.55,10.4,0.631578947368421,6
7.7,1.005,0.15000000000000002,2.1,0.102,11.0,32.0,0.99604,3.23,0.48,10.0,0.34375,5
7.5,0.71,0.0,1.6,0.092,22.0,31.0,0.99635,3.38,0.58,10.0,0.7096774193548387,6
8.0,0.58,0.16,2.0,0.12,3.0,7.0,0.99454,3.22,0.58,11.2,0.42857142857142855,6
8.9,0.38,0.4,2.2,0.068,12.0,28.0,0.99486,3.27,0.75,12.6,0.42857142857142855,7
8.0,0.18,0.37,0.8999999999999999,0.049,36.0,109.0,0.99007,2.89,0.44,12.7,0.3302752293577982,6
7.0,0.5,0.14,1.7999999999999998,0.078,10.0,23.0,0.99636,3.53,0.61,10.4,0.43478260869565216,5
11.3,0.36,0.66,2.4,0.123,3.0,8.0,0.99642,3.2,0.53,11.9,0.375,6
11.3,0.36,0.66,2.4,0.123,3.0,8.0,0.99642,3.2,0.53,11.9,0.375,6
7.0,0.51,0.09,2.1,0.062,3.9999999999999982,9.0,0.99584,3.35,0.54,10.5,0.44444444444444425,5
8.2,0.32,0.42,2.3,0.08833333333333333,3.0,9.0,0.99506,3.27,0.55,12.3,0.3333333333333333,6
7.7,0.58,0.010000000000000009,1.7999999999999998,0.088,12.0,18.0,0.99568,3.32,0.56,10.5,0.6666666666666666,7
8.6,0.83,0.0,2.8,0.095,17.0,43.0,0.99822,3.33,0.6,10.4,0.3953488372093023,6
6.4,0.795,0.0,2.2,0.065,28.0,52.0,0.99378,3.49,0.52,11.6,0.5384615384615384,5
7.7,0.58,0.010000000000000009,1.7999999999999998,0.088,12.0,18.0,0.99568,3.32,0.56,10.5,0.6666666666666666,7
8.1,0.82,0.0,4.1,0.095,5.0,14.0,0.99854,3.36,0.53,9.6,0.35714285714285715,5
8.9,0.745,0.18,2.5,0.077,15.0,48.0,0.99739,3.2,0.47,9.7,0.3125,6
10.1,0.37,0.34,2.4,0.085,5.0,17.0,0.99683,3.17,0.65,10.6,0.29411764705882354,7
7.6,0.31000000000000005,0.34,2.5,0.0819999999999999,26.0,35.0,0.99356,3.22,0.59,12.5,0.7428571428571429,7
8.9,0.5,0.21,2.2,0.088,21.0,39.0,0.99692,3.33,0.83,11.1,0.5384615384615384,6
6.9,0.49,0.19,1.7000000000000002,0.079,13.0,26.0,0.99547,3.38,0.64,9.8,0.5,6
6.4,0.39,0.33,3.3,0.046,12.0,53.0,0.99294,3.36,0.62,12.2,0.22641509433962265,6
6.9,0.44,0.0,1.4,0.07,32.0,38.0,0.99438,3.32,0.58,11.4,0.8421052631578947,6
7.6,0.78,0.0,1.7000000000000002,0.076,33.0,45.0,0.99612,3.31,0.62,10.7,0.7333333333333333,6
7.1,0.43,0.17,1.7999999999999998,0.0819999999999999,27.0,51.0,0.99634,3.49,0.64,10.4,0.5294117647058824,5
9.3,0.49,0.36,1.7000000000000002,0.081,3.0,14.0,0.99702,3.27,0.78,10.9,0.21428571428571427,6
9.3,0.5,0.36,1.7999999999999998,0.084,6.0,17.0,0.99704,3.27,0.77,10.8,0.35294117647058826,6
8.5,0.46,0.59,1.4,0.4139999999999999,16.0,45.0,0.99702,3.03,1.34,9.2,0.35555555555555557,5
8.3,0.33000000000000007,0.42,2.3,0.07,9.0,20.0,0.99426,3.38,0.77,12.7,0.45,7
8.9,0.48,0.53,4.0,0.1009999999999999,3.0,10.0,0.99586,3.21,0.59,12.1,0.3,7
7.6,0.42,0.25,3.9,0.104,28.0,90.0,0.99784,3.15,0.57,9.1,0.3111111111111111,5
9.9,0.53,0.57,2.4,0.093,30.0,52.0,0.9971,3.19,0.76,11.6,0.5769230769230769,7
8.9,0.48,0.53,4.0,0.1009999999999999,3.0,10.0,0.99586,3.21,0.59,12.1,0.3,7
11.6,0.22999999999999998,0.57,1.7999999999999998,0.074,3.0,8.0,0.9981,3.14,0.7,9.9,0.375,6
9.1,0.4,0.5,1.7999999999999998,0.071,7.0,16.0,0.99462,3.21,0.69,12.5,0.4375,8
8.0,0.38,0.44,1.9,0.098,6.0,15.0,0.9956,3.3,0.64,11.4,0.4,6
10.2,0.29000000000000004,0.65,2.4,0.075,6.0,17.0,0.99565,3.22,0.63,11.8,0.35294117647058826,6
8.2,0.74,0.09,2.0,0.067,5.0,10.0,0.99418,3.28,0.57,11.8,0.5,6
7.7,0.61,0.18,2.4,0.083,6.0,20.0,0.9963,3.29,0.6,10.2,0.3,6
6.6,0.52,0.08000000000000002,2.4,0.07,13.0,26.0,0.99358,3.4,0.72,12.5,0.5,7
11.1,0.31000000000000005,0.53,2.2,0.06,3.0,10.0,0.99572,3.02,0.83,10.9,0.3,7
8.0,0.62,0.35,2.8,0.086,28.0,52.0,0.997,3.31,0.62,10.8,0.5384615384615384,5
9.3,0.33000000000000007,0.45,1.5,0.057,19.0,37.0,0.99498,3.18,0.89,11.1,0.5135135135135135,7
7.5,0.77,0.2,8.1,0.098,30.0,92.0,0.99892,3.2,0.58,9.2,0.32608695652173914,5
8.0,0.62,0.33,2.7,0.088,16.0,37.0,0.9972,3.31,0.58,10.7,0.43243243243243246,6
9.9,0.32,0.56,2.0,0.073,3.0,8.0,0.99534,3.15,0.73,11.4,0.375,6
8.6,0.37,0.65,6.4,0.08,3.0,8.0,0.99817,3.27,0.58,11.0,0.375,5
7.2,0.38,0.3,1.7999999999999998,0.073,31.0,70.0,0.99685,3.42,0.59,9.5,0.44285714285714284,6
8.7,0.42,0.45,2.4,0.072,32.0,59.0,0.99617,3.33,0.77,12.0,0.5423728813559322,6
6.8,0.48,0.08000000000000002,1.7999999999999998,0.074,40.0,64.0,0.99529,3.12,0.49,9.6,0.625,5
8.5,0.34,0.4,4.7,0.055,3.0,9.0,0.99738,3.38,0.66,11.6,0.3333333333333333,7
7.9,0.19,0.42,1.6,0.057,18.0,30.0,0.994,3.29,0.69,11.2,0.6,6
11.6,0.41,0.54,1.5,0.095,22.0,41.0,0.99735,3.02,0.76,9.9,0.5365853658536586,7
11.6,0.41,0.54,1.5,0.095,22.0,41.0,0.99735,3.02,0.76,9.9,0.5365853658536586,7
7.9,0.34,0.42,2.0,0.086,8.0,19.0,0.99546,3.35,0.6,11.4,0.42105263157894735,6
7.0,0.54,0.09,2.0,0.081,10.0,16.0,0.99479,3.43,0.59,11.5,0.625,6
9.2,0.31000000000000005,0.36,2.2,0.079,11.0,31.0,0.99615,3.33,0.86,12.0,0.3548387096774194,7
6.6,0.725,0.09,5.5,0.1169999999999999,9.0,17.0,0.99655,3.35,0.49,10.8,0.5294117647058824,6
6.6,0.725,0.09,5.5,0.1169999999999999,9.0,17.0,0.99655,3.35,0.49,10.8,0.5294117647058824,6
8.6,0.52,0.38,1.5,0.096,5.0,18.0,0.99666,3.2,0.52,9.4,0.2777777777777778,5
8.4,0.34,0.42,2.1,0.072,23.0,36.0,0.99392,3.11,0.78,12.4,0.6388888888888888,6
7.4,0.49,0.27,2.1,0.071,14.0,25.0,0.99388,3.35,0.63,12.0,0.56,6
7.4,0.49,0.27,2.1,0.071,14.0,25.0,0.99388,3.35,0.63,12.0,0.56,6
8.0,0.48,0.34,2.2,0.073,16.0,25.0,0.9936,3.28,0.66,12.4,0.64,6
6.3,0.57,0.28,2.1,0.048,13.0,49.0,0.99374,3.41,0.6,12.8,0.2653061224489796,5
9.1,0.3,0.41,2.0,0.068,10.0,24.0,0.99523,3.27,0.85,11.7,0.4166666666666667,7
8.1,0.78,0.1,3.3,0.09,3.9999999999999982,13.0,0.99855,3.36,0.49,9.5,0.30769230769230754,5
10.8,0.47,0.43,2.1,0.171,27.0,66.0,0.9982,3.17,0.76,10.8,0.4090909090909091,6
8.3,0.53,0.0,1.4,0.07,6.0,14.0,0.99593,3.25,0.64,10.0,0.42857142857142855,6
5.4,0.42,0.27,2.0,0.092,23.0,55.0,0.99471,3.78,0.64,12.3,0.41818181818181815,7
7.9,0.33000000000000007,0.41,1.5,0.0559999999999999,6.0,35.0,0.99396,3.29,0.71,11.0,0.17142857142857143,6
5.0,0.4,0.5,4.3,0.046,29.0,80.0,0.9902,3.49,0.66,13.6,0.3625,6
7.0,0.69,0.07,2.5,0.091,15.0,21.0,0.99572,3.38,0.6,11.3,0.7142857142857143,6
7.0,0.69,0.07,2.5,0.091,15.0,21.0,0.99572,3.38,0.6,11.3,0.7142857142857143,6
7.0,0.69,0.07,2.5,0.091,15.0,21.0,0.99572,3.38,0.6,11.3,0.7142857142857143,6
7.1,0.39,0.12,2.1,0.065,14.0,51.666666666666664,0.99252,3.3,0.53,13.3,0.2709677419354839,6
5.6,0.66,0.0,2.5,0.066,7.0,15.0,0.99256,3.52,0.58,12.9,0.4666666666666667,5
7.9,0.54,0.34,2.5,0.076,8.0,17.0,0.99235,3.2,0.72,13.1,0.47058823529411764,8
6.3,0.47,0.0,1.4,0.055,27.0,33.0,0.9922,3.45,0.48,12.3,0.8181818181818182,6
8.8,0.24,0.35,1.7000000000000002,0.055,13.0,27.0,0.99394,3.14,0.59,11.3,0.48148148148148145,7
6.3,0.76,0.0,2.9,0.072,26.0,52.0,0.99379,3.51,0.6,11.5,0.5,6
10.0,0.43,0.33,2.7,0.095,28.0,89.0,0.9984,3.22,0.68,10.0,0.3146067415730337,5
9.1,0.6,0.0,1.9,0.0579999999999999,5.0,10.0,0.9977,3.18,0.63,10.4,0.5,6
7.4,0.36,0.34,1.7999999999999998,0.075,18.0,38.0,0.9933,3.38,0.88,13.6,0.47368421052631576,7
7.2,0.48,0.07,5.5,0.089,10.0,18.0,0.99684,3.37,0.68,11.2,0.5555555555555556,7
8.5,0.28,0.35,1.7000000000000002,0.061,6.0,15.0,0.99524,3.3,0.74,11.8,0.4,7
8.0,0.25,0.43,1.7000000000000002,0.067,22.0,50.0,0.9946,3.38,0.6,11.9,0.44,6
10.4,0.52,0.45,2.0,0.08,6.0,13.0,0.99774,3.22,0.76,11.4,0.46153846153846156,6
7.5,0.41,0.15000000000000002,3.7,0.104,29.0,94.0,0.99786,3.14,0.58,9.1,0.30851063829787234,5
8.2,0.51,0.24,2.0,0.07866666666666663,16.0,86.0,0.99764,3.34,0.64,9.5,0.18604651162790697,6
7.3,0.4,0.3,1.7000000000000002,0.08,33.0,79.0,0.9969,3.41,0.65,9.5,0.4177215189873418,6
8.2,0.38,0.32,2.5,0.08,24.0,71.0,0.99624,3.27,0.85,11.0,0.3380281690140845,6
6.9,0.45,0.10999999999999999,2.4,0.043,6.0,12.0,0.99354,3.3,0.65,11.4,0.5,6
7.0,0.21999999999999997,0.3,1.7999999999999998,0.065,16.0,20.0,0.99672,3.61,0.82,10.0,0.8,6
7.3,0.32,0.23,2.3,0.066,35.0,70.0,0.99588,3.43,0.62,10.1,0.5,5
8.2,0.2,0.43,2.5,0.076,31.0,51.0,0.99672,3.53,0.81,10.4,0.6078431372549019,6
7.8,0.5,0.12,1.7999999999999998,0.178,6.0,21.0,0.996,3.28,0.87,9.8,0.2857142857142857,6
10.0,0.41,0.45,6.199999999999999,0.071,6.0,14.0,0.99702,3.21,0.49,11.8,0.42857142857142855,7
7.8,0.39,0.42,2.0,0.086,9.0,21.0,0.99526,3.39,0.66,11.6,0.42857142857142855,6
10.0,0.35,0.47,2.0,0.061,6.0,11.0,0.99585,3.23,0.52,12.0,0.5454545454545454,6
6.1,0.58,0.23,2.5,0.044,16.0,70.0,0.99352,3.46,0.65,12.5,0.22857142857142856,6
8.3,0.6,0.25,2.2,0.118,9.0,38.0,0.99616,3.15,0.53,9.8,0.23684210526315788,5
9.6,0.42,0.35,2.1,0.083,17.0,38.0,0.99622,3.23,0.66,11.1,0.4473684210526316,6
8.3,0.6,0.25,2.2,0.118,9.0,38.0,0.99616,3.15,0.53,9.8,0.23684210526315788,5
8.5,0.18,0.51,1.75,0.071,45.0,88.0,0.99524,3.33,0.76,11.8,0.5113636363636364,7
5.1,0.51,0.18,2.1,0.042,16.0,101.0,0.9924,3.46,0.87,12.9,0.15841584158415842,7
8.5,0.32,0.42,2.3,0.075,12.0,19.0,0.99434,3.14,0.71,11.8,0.631578947368421,7
9.0,0.785,0.24,1.7000000000000002,0.078,10.0,21.0,0.99692,3.29,0.67,10.0,0.47619047619047616,5
8.2,0.33000000000000007,0.39,2.5,0.074,29.0,48.0,0.99528,3.32,0.88,12.4,0.6041666666666666,7
6.5,0.34,0.27,2.8,0.067,8.0,44.0,0.99384,3.21,0.56,12.0,0.18181818181818182,6
7.6,0.5,0.29,2.3,0.086,5.0,14.0,0.99502,3.32,0.62,11.5,0.35714285714285715,6
9.2,0.36,0.34,1.6,0.062,5.0,12.0,0.99667,3.2,0.67,10.5,0.4166666666666667,6
9.7,0.42,0.46,2.1,0.074,5.0,16.0,0.99649,3.27,0.74,12.3,0.3125,6
7.6,0.36,0.31,1.7000000000000002,0.079,26.0,65.0,0.99716,3.46,0.62,9.5,0.4,6
7.6,0.36,0.31,1.7000000000000002,0.079,26.0,65.0,0.99716,3.46,0.62,9.5,0.4,6
5.6,0.915,0.0,2.1,0.0409999999999999,17.0,78.0,0.99346,3.68,0.73,11.4,0.21794871794871795,5
8.2,0.35,0.33,2.4,0.076,11.0,47.0,0.99599,3.27,0.81,11.0,0.23404255319148937,6
9.8,0.39,0.43,1.65,0.068,5.0,11.0,0.99478,3.19,0.4600000000000001,11.4,0.45454545454545453,5
6.8,0.66,0.07,1.6,0.07,16.0,61.0,0.99572,3.29,0.6,9.3,0.26229508196721313,5
8.8,0.9549999999999998,0.04999999999999999,1.7999999999999998,0.075,5.0,19.0,0.99616,3.3,0.44,9.6,0.2631578947368421,4
9.1,0.4,0.57,4.6,0.08,6.0,20.0,0.99652,3.203333333333333,0.57,12.5,0.3,6
6.5,0.885,0.0,2.3,0.166,6.0,12.0,0.99551,3.56,0.51,10.8,0.5,5
7.2,0.25,0.37,2.5,0.063,11.0,41.0,0.99439,3.52,0.8,12.4,0.2682926829268293,7
7.0,0.745,0.12,1.7999999999999998,0.114,15.0,64.0,0.99588,3.22,0.59,9.5,0.234375,6
6.2,0.43,0.22,1.7999999999999998,0.078,21.0,56.0,0.99633,3.52,0.6,9.5,0.375,6
7.7,0.57,0.21,1.5,0.069,3.9999999999999982,9.0,0.99458,3.16,0.54,9.8,0.44444444444444425,6
7.7,0.26,0.26,2.0,0.052,19.0,77.0,0.9951,3.15,0.79,10.9,0.24675324675324675,6
7.9,0.58,0.23,2.3,0.076,23.0,94.0,0.99686,3.21,0.58,9.5,0.24468085106382978,6
7.7,0.57,0.21,1.5,0.069,3.9999999999999982,9.0,0.99458,3.16,0.54,9.8,0.44444444444444425,6
7.9,0.34,0.36,1.9,0.065,5.0,10.0,0.99419,3.27,0.54,11.2,0.5,7
8.6,0.42,0.39,1.7999999999999998,0.068,6.0,12.0,0.99516,3.35,0.69,11.7,0.5,8
9.9,0.74,0.19,5.800000000000001,0.111,33.0,76.0,0.99878,3.14,0.55,9.4,0.4342105263157895,5
7.2,0.36,0.46,2.1,0.074,24.0,44.0,0.99534,3.4,0.85,11.0,0.5454545454545454,7
7.2,0.36,0.46,2.1,0.074,24.0,44.0,0.99534,3.4,0.85,11.0,0.5454545454545454,7
9.9,0.72,0.55,1.7000000000000002,0.136,24.0,52.0,0.99752,3.35,0.94,10.0,0.46153846153846156,5
7.2,0.36,0.46,2.1,0.074,24.0,44.0,0.99534,3.4,0.85,11.0,0.5454545454545454,7
6.2,0.39,0.43,2.0,0.071,14.0,24.0,0.99428,3.45,0.87,11.2,0.5833333333333334,7
6.8,0.65,0.019999999999999962,2.1,0.078,8.0,15.0,0.99498,3.35,0.62,10.4,0.5333333333333333,6
6.8,0.65,0.019999999999999962,2.1,0.078,8.0,15.0,0.99498,3.35,0.62,10.4,0.5333333333333333,6
10.2,0.33000000000000007,0.46,1.9,0.081,6.0,9.0,0.99628,3.1,0.48,10.4,0.6666666666666666,6
7.9,0.6316666666666667,0.31,2.0,0.079,10.0,79.0,0.99677,3.29,0.69,9.5,0.12658227848101267,6
9.0,0.39,0.4,1.3,0.044,25.0,50.0,0.99478,3.2,0.83,10.9,0.5,6
10.9,0.32,0.52,1.7999999999999998,0.132,17.0,44.0,0.99734,3.28,0.77,11.5,0.38636363636363635,6
10.9,0.32,0.52,1.7999999999999998,0.132,17.0,44.0,0.99734,3.28,0.77,11.5,0.38636363636363635,6
12.6,0.39,0.49,2.5,0.08,8.0,20.0,0.9992,3.07,0.82,10.3,0.4,6
9.2,0.46,0.23,2.6,0.091,18.0,77.0,0.99922,3.15,0.51,9.4,0.23376623376623376,5
7.5,0.58,0.03,4.1,0.08,27.0,46.0,0.99592,3.02,0.47,9.2,0.5869565217391305,5
9.0,0.58,0.25,2.0,0.104,8.0,21.0,0.99769,3.27,0.72,9.6,0.38095238095238093,5
7.6,0.43,0.29,2.1,0.075,19.0,66.0,0.99718,3.4,0.64,9.5,0.2878787878787879,5
7.7,0.18,0.34,2.7,0.066,15.0,58.0,0.9947,3.37,0.78,11.8,0.25862068965517243,6
7.8,0.815,0.010000000000000009,2.6,0.074,48.0,90.0,0.99621,3.38,0.62,10.8,0.5333333333333333,5
7.6,0.43,0.29,2.1,0.075,19.0,66.0,0.99718,3.4,0.64,9.5,0.2878787878787879,5
7.1,0.75,0.010000000000000009,2.2,0.059,11.0,18.0,0.99242,3.39,0.4,12.8,0.6111111111111112,6
7.8,0.55,0.0,1.7000000000000002,0.07,7.0,17.0,0.99659,3.26,0.64,9.4,0.4117647058823529,6
7.1,0.75,0.010000000000000009,2.2,0.059,11.0,18.0,0.99242,3.39,0.4,12.8,0.6111111111111112,6
8.1,0.73,0.0,2.5,0.081,12.0,24.0,0.99798,3.38,0.4600000000000001,9.6,0.5,4
6.5,0.67,0.0,4.3,0.057,11.0,20.0,0.99488,3.45,0.56,11.8,0.55,4
7.266666666666667,0.61,0.2,1.7000000000000002,0.076,36.0,60.0,0.99494,3.1,0.4,9.3,0.6,5
8.3,0.56,0.22,2.4,0.0819999999999999,10.0,86.0,0.9983,3.37,0.62,9.5,0.11627906976744186,5
7.4,0.55,0.19,1.7999999999999998,0.0819999999999999,15.0,34.0,0.99655,3.49,0.68,10.5,0.4411764705882353,5
7.4,0.74,0.07,1.7000000000000002,0.086,15.0,48.0,0.99502,3.12,0.48,10.0,0.3125,5
7.1,0.6,0.010000000000000009,2.3,0.079,24.0,37.0,0.99514,3.4,0.61,10.9,0.6486486486486487,6
7.5,0.58,0.14,2.2,0.077,27.0,60.0,0.9963,3.28,0.59,9.8,0.45,5
7.1,0.72,0.0,1.7999999999999998,0.123,6.0,14.0,0.99627,3.45,0.58,9.8,0.42857142857142855,5
7.9,0.66,0.0,1.4,0.096,6.0,13.0,0.99569,3.43,0.58,9.5,0.46153846153846156,5
7.5,0.59,0.22,1.7999999999999998,0.0819999999999999,43.0,60.0,0.99499,3.1,0.42,9.2,0.7166666666666667,5
6.8,0.64,0.0,2.7,0.123,15.0,33.0,0.99538,3.44,0.63,11.3,0.45454545454545453,6
8.6,0.635,0.6800000000000002,1.7999999999999998,0.4029999999999999,19.0,56.0,0.99632,3.02,1.15,9.3,0.3392857142857143,5
6.3,1.02,0.0,2.0,0.083,17.0,24.0,0.99437,3.59,0.55,11.2,0.7083333333333334,4
9.8,0.45,0.38,2.5,0.081,34.0,66.0,0.99726,3.15,0.58,9.8,0.5151515151515151,5
8.5,0.37,0.32,1.7999999999999998,0.066,26.0,51.0,0.99456,3.38,0.72,11.8,0.5098039215686274,6
7.2,0.57,0.04999999999999999,2.3,0.081,16.0,36.0,0.99564,3.38,0.6,10.3,0.4444444444444444,6
7.2,0.57,0.04999999999999999,2.3,0.081,16.0,36.0,0.99564,3.38,0.6,10.3,0.4444444444444444,6
10.4,0.43,0.5,2.3,0.068,13.0,19.0,0.996,3.1,0.87,11.4,0.6842105263157895,6
6.9,0.41,0.31,2.0,0.079,21.0,51.0,0.99668,3.47,0.55,9.5,0.4117647058823529,6
5.0,0.38,0.010000000000000009,1.6,0.048,26.0,60.0,0.99084,3.7,0.75,14.0,0.43333333333333335,6
7.3,0.44,0.2,1.6,0.049,24.0,64.0,0.9935,3.38,0.57,11.7,0.375,6
5.9,0.46,0.0,1.9,0.077,25.0,44.0,0.99385,3.5,0.53,11.2,0.5681818181818182,5
7.5,0.58,0.2,2.0,0.073,34.0,44.0,0.99494,3.1,0.43,9.3,0.7727272727272727,5
7.8,0.58,0.13,2.1,0.102,17.0,36.0,0.9944,3.24,0.53,11.2,0.4722222222222222,6
8.0,0.715,0.22,2.3,0.075,13.0,81.0,0.99688,3.24,0.54,9.5,0.16049382716049382,6
8.5,0.4,0.4,6.3,0.05,3.0,10.0,0.99566,3.28,0.56,12.0,0.3,4
7.0,0.69,0.0,1.9,0.114,3.0,10.0,0.99636,3.35,0.6,9.7,0.3,6
8.0,0.715,0.22,2.3,0.075,13.0,81.0,0.99688,3.24,0.54,9.5,0.16049382716049382,6
9.8,0.3,0.39,1.7000000000000002,0.062,3.0,9.0,0.9948,3.14,0.57,11.5,0.3333333333333333,7
7.1,0.46,0.2,1.9,0.077,28.0,54.0,0.9956,3.37,0.64,10.4,0.5185185185185185,6
7.1,0.46,0.2,1.9,0.077,28.0,54.0,0.9956,3.37,0.64,10.4,0.5185185185185185,6
7.9,0.765,0.0,2.0,0.084,9.0,22.0,0.99619,3.33,0.68,10.9,0.4090909090909091,6
8.7,0.63,0.28,2.7,0.096,17.0,69.0,0.99734,3.26,0.63,10.2,0.2463768115942029,6
7.0,0.42,0.19,2.3,0.071,18.0,36.0,0.99476,3.39,0.56,10.9,0.5,5
11.3,0.37,0.5,1.7999999999999998,0.09,20.0,47.0,0.99734,3.15,0.57,10.5,0.425531914893617,5
7.0,0.6,0.3,4.5,0.068,20.0,110.0,0.99914,3.3,1.17,10.2,0.18181818181818182,5
7.0,0.6,0.3,4.5,0.068,20.0,110.0,0.99914,3.3,1.17,10.2,0.18181818181818182,5
7.6,0.74,0.0,1.9,0.1,6.0,12.0,0.99521,3.36,0.59,11.0,0.5,5
8.2,0.635,0.1,2.1,0.073,25.0,60.0,0.99638,3.29,0.75,10.9,0.4166666666666667,6
5.9,0.395,0.13,2.4,0.0559999999999999,14.0,28.0,0.99362,3.62,0.67,12.4,0.5,6
6.6,0.63,0.0,4.3,0.093,51.0,77.5,0.99558,3.2,0.45,9.5,0.6580645161290323,5
7.2,0.53,0.14,2.1,0.064,15.0,29.0,0.99323,3.35,0.61,12.1,0.5172413793103449,6
5.7,0.6,0.0,1.4,0.063,11.0,18.0,0.99191,3.45,0.56,12.2,0.6111111111111112,6
7.6,1.58,0.0,2.1,0.1369999999999999,5.0,9.0,0.99476,3.5,0.4,10.9,0.5555555555555556,3
5.2,0.645,0.0,2.15,0.08,15.0,28.0,0.99444,3.78,0.61,12.5,0.5357142857142857,6
6.7,0.86,0.07,2.0,0.1,20.0,57.0,0.99598,3.6,0.74,11.7,0.3508771929824561,6
9.1,0.37,0.32,2.1,0.064,3.9999999999999982,15.0,0.99576,3.3,0.8,11.2,0.26666666666666655,6
7.6,0.79,0.21,2.3,0.087,21.0,68.0,0.9955,3.12,0.44,9.2,0.3088235294117647,5
7.5,0.61,0.26,1.9,0.073,24.0,88.0,0.99612,3.3,0.53,9.8,0.2727272727272727,5
9.7,0.69,0.32,2.5,0.088,22.0,91.0,0.9979,3.29,0.62,10.1,0.24175824175824176,5
7.0,0.62,0.1,1.4,0.071,27.0,63.0,0.996,3.28,0.61,9.2,0.42857142857142855,5
6.5,0.51,0.15000000000000002,3.0,0.064,12.0,27.0,0.9929,3.33,0.59,12.8,0.4444444444444444,6
8.0,1.18,0.21,1.9,0.083,14.0,41.0,0.99532,3.34,0.47,10.5,0.34146341463414637,5
7.5,0.63,0.27,2.0,0.083,17.0,91.0,0.99616,3.26,0.58,9.8,0.18681318681318682,6
5.4,0.74,0.0,1.2,0.0409999999999999,16.0,46.0,0.99258,4.01,0.59,12.5,0.34782608695652173,6
9.1,0.76,0.6800000000000002,1.7000000000000002,0.4139999999999999,18.0,64.0,0.99652,2.9,1.33,9.1,0.28125,6
5.0,0.74,0.0,1.2,0.0409999999999999,16.0,46.0,0.99258,4.01,0.59,12.5,0.34782608695652173,6
9.1,0.34,0.42,1.7999999999999998,0.0579999999999999,9.0,18.0,0.99392,3.18,0.55,11.4,0.5,5
6.7,0.46,0.24,1.7000000000000002,0.077,18.0,34.0,0.9948,3.39,0.6,10.6,0.5294117647058824,6
6.7,0.46,0.24,1.7000000000000002,0.077,18.0,34.0,0.9948,3.39,0.6,10.6,0.5294117647058824,6
6.7,0.46,0.24,1.7000000000000002,0.077,18.0,34.0,0.9948,3.39,0.6,10.6,0.5294117647058824,6
6.7,0.46,0.24,1.7000000000000002,0.077,18.0,34.0,0.9948,3.39,0.6,10.6,0.5294117647058824,6
6.5,0.52,0.10999999999999999,1.7999999999999998,0.073,13.0,38.0,0.9955,3.34,0.52,9.3,0.34210526315789475,5
7.4,0.6,0.26,2.1,0.083,17.0,91.0,0.99616,3.29,0.56,9.8,0.18681318681318682,6
7.4,0.6,0.26,2.1,0.083,17.0,91.0,0.99616,3.29,0.56,9.8,0.18681318681318682,6
7.8,0.87,0.26,3.8,0.107,31.0,67.0,0.99668,3.26,0.4600000000000001,9.2,0.4626865671641791,5
8.4,0.39,0.1,1.7000000000000002,0.075,6.0,25.0,0.99581,3.09,0.43,9.7,0.24,6
9.1,0.775,0.22,2.2,0.079,12.0,48.0,0.9976,3.18,0.51,9.6,0.25,5
7.2,0.835,0.0,2.0,0.166,3.9999999999999982,11.0,0.99608,3.39,0.52,10.0,0.3636363636363635,5
6.6,0.58,0.019999999999999962,2.4,0.069,19.0,40.0,0.99387,3.38,0.66,12.6,0.475,6
6.0,0.5,0.0,1.4,0.057,15.0,26.0,0.99448,3.36,0.45,9.5,0.5769230769230769,5
6.0,0.5,0.0,1.4,0.057,15.0,26.0,0.99448,3.36,0.45,9.5,0.5769230769230769,5
6.0,0.5,0.0,1.4,0.057,15.0,26.0,0.99448,3.36,0.45,9.5,0.5769230769230769,5
7.5,0.51,0.019999999999999962,1.7000000000000002,0.084,13.0,31.0,0.99538,3.36,0.54,10.5,0.41935483870967744,6
7.5,0.51,0.019999999999999962,1.7000000000000002,0.084,13.0,31.0,0.99538,3.36,0.54,10.5,0.41935483870967744,6
7.5,0.51,0.019999999999999962,1.7000000000000002,0.084,13.0,31.0,0.99538,3.36,0.54,10.5,0.41935483870967744,6
7.5,0.51,0.019999999999999962,1.7000000000000002,0.084,13.0,31.0,0.99538,3.36,0.54,10.5,0.41935483870967744,6
11.5,0.42,0.48,2.6,0.077,8.0,20.0,0.99852,3.09,0.53,11.0,0.4,5
8.2,0.44,0.24,2.3,0.063,10.0,28.0,0.99613,3.25,0.53,10.2,0.35714285714285715,6
6.1,0.59,0.010000000000000009,2.1,0.0559999999999999,5.0,13.0,0.99472,3.52,0.56,11.4,0.38461538461538464,5
7.2,0.655,0.03,1.7999999999999998,0.078,7.0,12.0,0.99587,3.34,0.39,9.5,0.5833333333333334,5
7.2,0.62,0.010000000000000009,2.3,0.065,8.0,46.0,0.99332,3.32,0.51,11.8,0.17391304347826086,6
7.6,0.645,0.03,1.9,0.086,14.0,57.0,0.9969,3.37,0.4600000000000001,10.3,0.24561403508771928,5
6.1,0.32,0.25,1.7999999999999998,0.086,5.0,32.0,0.99464,3.36,0.44,10.1,0.15625,5
7.3,0.43,0.24,2.5,0.078,27.0,67.0,0.99648,3.6,0.59,11.1,0.40298507462686567,6
7.4,0.64,0.17,5.4,0.168,52.0,98.0,0.99736,3.28,0.5,9.5,0.5306122448979592,5
11.6,0.475,0.4,1.4,0.091,6.0,28.0,0.99704,3.07,0.65,10.0333333333333,0.21428571428571427,6
8.3,0.85,0.14,2.5,0.093,13.0,54.0,0.99724,3.36,0.54,10.1,0.24074074074074073,5
11.6,0.475,0.4,1.4,0.091,6.0,28.0,0.99704,3.07,0.65,10.0333333333333,0.21428571428571427,6
7.2,0.605,0.019999999999999962,1.9,0.096,10.0,31.0,0.995,3.46,0.53,11.8,0.3225806451612903,6
7.3,0.74,0.08000000000000002,1.7000000000000002,0.094,10.0,45.0,0.99576,3.24,0.5,9.8,0.2222222222222222,5
6.9,0.54,0.3,2.2,0.088,9.0,105.0,0.99725,3.25,1.18,10.5,0.08571428571428572,6
8.0,0.77,0.32,2.1,0.079,16.0,74.0,0.99656,3.27,0.5,9.8,0.21621621621621623,6
8.7,0.78,0.51,1.7000000000000002,0.4149999999999999,12.0,66.0,0.99623,3.0,1.17,9.2,0.18181818181818182,5
7.5,0.58,0.56,3.1,0.153,5.0,14.0,0.99476,3.21,1.03,11.6,0.35714285714285715,6
8.7,0.78,0.51,1.7000000000000002,0.4149999999999999,12.0,66.0,0.99623,3.0,1.17,9.2,0.18181818181818182,5
8.2,0.885,0.2,1.4,0.086,7.0,31.0,0.9946,3.11,0.4600000000000001,10.0,0.22580645161290322,5
7.2,0.45,0.15000000000000002,2.0,0.078,10.0,28.0,0.99609,3.29,0.51,9.9,0.35714285714285715,6
7.5,0.57,0.019999999999999962,2.6,0.077,11.0,35.0,0.99557,3.36,0.62,10.8,0.3142857142857143,6
7.5,0.57,0.019999999999999962,2.6,0.077,11.0,35.0,0.99557,3.36,0.62,10.8,0.3142857142857143,6
8.0,0.6,0.22,2.1,0.08,25.0,105.0,0.99613,3.3,0.49,9.9,0.23809523809523808,5
8.0,0.6,0.22,2.1,0.08,25.0,105.0,0.99613,3.3,0.49,9.9,0.23809523809523808,5
7.1,0.755,0.15000000000000002,1.7999999999999998,0.107,20.0,84.0,0.99593,3.19,0.5,9.5,0.23809523809523808,5
8.0,0.81,0.25,3.4,0.076,34.0,85.0,0.99668,3.19,0.42,9.2,0.4,5
7.4,0.64,0.07,1.7999999999999998,0.1,8.0,23.0,0.9961,3.3,0.58,9.6,0.34782608695652173,5
6.6,0.64,0.31,6.1,0.083,7.0,49.0,0.99718,3.35,0.68,10.3,0.14285714285714285,5
6.0,0.49,0.0,2.3,0.068,15.0,33.0,0.99292,3.58,0.59,12.5,0.45454545454545453,6
8.0,0.64,0.22,2.4,0.094,5.0,33.0,0.99612,3.37,0.58,11.0,0.15151515151515152,5
7.1,0.62,0.060000000000000026,1.3,0.07,5.0,12.0,0.9942,3.17,0.48,9.8,0.4166666666666667,5
8.0,0.52,0.25,2.0,0.078,19.0,59.0,0.99612,3.3,0.48,10.2,0.3220338983050847,5
8.6,0.685,0.1,1.6,0.092,3.0,12.0,0.99745,3.31,0.65,9.55,0.25,6
8.7,0.675,0.1,1.6,0.09,3.9999999999999982,11.0,0.99745,3.31,0.65,9.55,0.3636363636363635,5
7.3,0.59,0.26,2.0,0.08,17.0,104.0,0.99584,3.28,0.52,9.9,0.16346153846153846,5
7.2,0.67,0.0,2.2,0.068,10.0,24.0,0.9956,3.42,0.72,11.1,0.4166666666666667,6
7.9,0.69,0.21,2.1,0.08,33.0,141.0,0.9962,3.25,0.51,9.9,0.23404255319148937,5
7.6,0.3,0.42,2.0,0.052,6.0,24.0,0.9963,3.44,0.82,11.9,0.25,6
7.2,0.33000000000000007,0.33,1.7000000000000002,0.061,3.0,13.0,0.996,3.23,1.1,10.0,0.23076923076923078,8
8.0,0.5,0.39,2.6,0.0819999999999999,12.0,46.0,0.9985,3.43,0.62,10.7,0.2608695652173913,6
6.0,0.51,0.0,2.1,0.064,40.0,54.0,0.995,3.54,0.93,10.7,0.7407407407407407,6
8.1,0.29000000000000004,0.36,2.2,0.048,35.0,53.0,0.995,3.27,1.01,12.4,0.660377358490566,7
6.0,0.51,0.0,2.1,0.064,40.0,54.0,0.995,3.54,0.93,10.7,0.7407407407407407,6
6.6,0.96,0.0,1.7999999999999998,0.0819999999999999,5.0,16.0,0.9936,3.5,0.44,11.9,0.3125,6
6.4,0.47,0.4,2.4,0.071,8.0,19.0,0.9963,3.56,0.73,10.6,0.42105263157894735,6
9.9,0.57,0.25,2.0,0.104,12.0,89.0,0.9963,3.04,0.9,10.1,0.1348314606741573,5
10.0,0.32,0.59,2.2,0.077,3.0,15.0,0.9994,3.2,0.78,9.6,0.2,5
6.2,0.58,0.0,1.6,0.065,8.0,18.0,0.9966,3.56,0.84,9.4,0.4444444444444444,5
10.0,0.32,0.59,2.2,0.077,3.0,15.0,0.9994,3.2,0.78,9.6,0.2,5
7.3,0.34,0.33,2.5,0.064,21.0,37.0,0.9952,3.35,0.77,12.1,0.5675675675675675,7
7.8,0.53,0.010000000000000009,1.6,0.077,3.0,19.0,0.995,3.16,0.4600000000000001,9.8,0.15789473684210525,5
7.7,0.64,0.21,2.2,0.077,32.0,133.0,0.9956,3.27,0.45,9.9,0.24060150375939848,5
7.8,0.53,0.010000000000000009,1.6,0.077,3.0,19.0,0.995,3.16,0.4600000000000001,9.8,0.15789473684210525,5
7.5,0.4,0.18,1.6,0.079,24.0,58.0,0.9965,3.34,0.58,9.4,0.41379310344827586,5
7.0,0.54,0.0,2.1,0.079,39.0,55.0,0.9956,3.39,0.84,11.4,0.7090909090909091,6
6.4,0.53,0.09,3.9,0.123,14.0,31.0,0.9968,3.5,0.67,11.0,0.45161290322580644,4
7.6,0.41,0.33,2.0666666666666664,0.078,6.0,23.0,0.9957,3.3,0.58,11.2,0.2608695652173913,5
7.8,0.64,0.0,1.9,0.072,27.0,55.0,0.9962,3.31,0.63,11.0,0.4909090909090909,5
7.9,0.18,0.4,2.2,0.049,38.0,67.0,0.996,3.33,0.93,11.3,0.5671641791044776,5
7.4,0.41,0.24,1.7999999999999998,0.066,18.0,47.0,0.9956,3.37,0.62,10.4,0.3829787234042553,5
7.6,0.43,0.31,2.1,0.069,13.0,74.0,0.9958,3.26,0.54,9.9,0.17567567567567569,6
6.1,0.4,0.16,1.7999999999999998,0.069,11.0,25.0,0.9955,3.42,0.74,10.1,0.44,7
10.2,0.54,0.37,15.400000000000002,0.214,55.0,95.0,1.00369,3.18,0.77,9.0,0.5789473684210527,6
10.0,0.38,0.38,1.6,0.1689999999999999,27.0,90.0,0.99914,3.15,0.65,8.5,0.3,5
6.8,0.915,0.29,4.8,0.07,15.0,39.0,0.99577,3.53,0.54,11.1,0.38461538461538464,5
7.3,0.67,0.019999999999999962,2.2,0.072,31.0,92.0,0.99566,3.32,0.68,11.066666666666698,0.33695652173913043,6
6.9,0.58,0.2,1.75,0.0579999999999999,8.0,22.0,0.99322,3.38,0.49,11.7,0.36363636363636365,5
7.4,0.785,0.19,5.2,0.094,19.0,98.0,0.99713,3.16,0.52,9.6,0.19387755102040816,6
6.8,0.67,0.0,1.9,0.08,22.0,39.0,0.99701,3.4,0.74,9.7,0.5641025641025641,5
7.2,0.38,0.31,2.0,0.0559999999999999,15.0,29.0,0.99472,3.23,0.76,11.3,0.5172413793103449,8
7.2,0.37,0.32,2.0,0.062,15.0,28.0,0.9947,3.23,0.73,11.3,0.5357142857142857,7
7.8,0.32,0.44,2.7,0.104,8.0,17.0,0.99732,3.33,0.78,11.0,0.47058823529411764,7
6.6,0.58,0.019999999999999962,2.0,0.062,37.0,53.0,0.99374,3.35,0.76,11.6,0.6981132075471698,7
11.7,0.45,0.63,2.2,0.073,7.0,23.0,0.99974,3.21,0.69,10.9,0.30434782608695654,6
6.5,0.9,0.0,1.6,0.052,9.0,17.0,0.99467,3.5,0.63,10.9,0.5294117647058824,6
7.6,0.49,0.33,1.9,0.074,27.0,85.0,0.99706,3.41,0.58,9.0,0.3176470588235294,5
8.4,0.29000000000000004,0.4,1.7000000000000002,0.067,8.0,20.0,0.99603,3.39,0.6,10.5,0.4,5
7.9,0.2,0.35,1.7000000000000002,0.054,7.0,15.0,0.99458,3.32,0.8,11.9,0.4666666666666667,7
6.4,0.42,0.09,2.3,0.054,34.0,64.0,0.99724,3.41,0.68,10.4,0.53125,6
6.2,0.785,0.0,2.1,0.06,6.0,13.0,0.99664,3.59,0.61,10.0,0.46153846153846156,4
6.9,0.63,0.010000000000000009,2.4,0.076,14.0,39.0,0.99522,3.34,0.53,10.8,0.358974358974359,6
6.8,0.59,0.1,1.7000000000000002,0.063,34.0,53.0,0.9958,3.41,0.67,9.7,0.6415094339622641,5
7.3,0.48,0.32,2.1,0.062,31.0,54.0,0.99728,3.3,0.65,10.0,0.5740740740740741,7
7.3,0.48,0.32,2.1,0.062,31.0,54.0,0.99728,3.3,0.65,10.0,0.5740740740740741,7
7.3,0.98,0.04999999999999999,2.1,0.061,20.0,49.0,0.99705,3.31,0.55,9.7,0.40816326530612246,3
10.0,0.69,0.10999999999999999,1.4,0.084,8.0,24.0,0.99578,2.88,0.47,9.7,0.3333333333333333,5
6.7,0.7,0.08000000000000002,3.75,0.067,8.0,16.0,0.99334,3.43,0.52,12.6,0.5,5
7.6,0.35,0.6,2.6,0.073,23.0,44.0,0.99656,3.38,0.79,11.1,0.5227272727272727,6
6.1,0.6,0.08000000000000002,1.7999999999999998,0.071,14.0,45.0,0.99336,3.38,0.54,11.0,0.3111111111111111,5
9.9,0.5,0.5,13.799999999999999,0.205,48.0,82.0,1.00242,3.16,0.75,8.8,0.5853658536585366,5
5.3,0.47,0.10999999999999999,2.2,0.048,16.0,89.0,0.99182,3.54,0.88,13.566666666666698,0.1797752808988764,7
9.9,0.5,0.5,13.799999999999999,0.205,48.0,82.0,1.00242,3.16,0.75,8.8,0.5853658536585366,5
5.3,0.47,0.10999999999999999,2.2,0.048,16.0,89.0,0.99182,3.54,0.88,13.6,0.1797752808988764,7
8.2,0.28,0.6,3.0,0.104,10.0,22.0,0.99828,3.39,0.68,10.6,0.45454545454545453,5
5.6,0.62,0.03,1.5,0.08,6.0,13.0,0.99498,3.66,0.62,10.1,0.46153846153846156,4
8.2,0.28,0.6,3.0,0.104,10.0,22.0,0.99828,3.39,0.68,10.6,0.45454545454545453,5
8.1,0.33000000000000007,0.44,1.5,0.042,6.0,12.0,0.99542,3.35,0.61,10.7,0.5,5
7.0,0.655,0.16,2.1,0.074,8.0,25.0,0.99606,3.37,0.55,9.7,0.32,5
6.8,0.68,0.21,2.1,0.07,9.0,23.0,0.99546,3.38,0.6,10.3,0.391304347826087,5
6.0,0.64,0.04999999999999999,1.9,0.066,9.0,17.0,0.99496,3.52,0.78,10.6,0.5294117647058824,5
5.6,0.54,0.04000000000000001,1.7000000000000002,0.049,5.0,13.0,0.9942,3.72,0.58,11.4,0.38461538461538464,5
7.1,0.21999999999999997,0.49,1.7999999999999998,0.03900000000000001,8.0,18.0,0.99344,3.39,0.56,12.4,0.4444444444444444,6
6.2,0.65,0.060000000000000026,1.6,0.05,6.0,18.0,0.99348,3.57,0.54,11.95,0.3333333333333333,5
7.7,0.54,0.26,1.9,0.089,23.0,147.0,0.99636,3.26,0.59,9.7,0.1564625850340136,5
6.4,0.31000000000000005,0.09,1.4,0.066,15.0,28.0,0.99459,3.42,0.7,10.0,0.5357142857142857,7
7.0,0.43,0.019999999999999962,1.9,0.08,15.0,28.0,0.99492,3.35,0.81,10.6,0.5357142857142857,6
6.9,0.74,0.03,2.3,0.054,7.0,16.0,0.99508,3.45,0.63,11.5,0.4375,6
6.9,0.74,0.03,2.3,0.054,7.0,16.0,0.99508,3.45,0.63,11.5,0.4375,6
7.8,0.82,0.29,4.3,0.083,21.0,64.0,0.99642,3.16,0.53,9.4,0.328125,5
6.2,0.44,0.39,2.5,0.077,6.0,14.0,0.99555,3.51,0.69,11.0,0.42857142857142855,6
7.5,0.38,0.57,2.3,0.106,5.0,12.0,0.99605,3.36,0.55,11.4,0.4166666666666667,6
6.7,0.76,0.019999999999999962,1.7999999999999998,0.078,6.0,12.0,0.996,3.55,0.63,9.95,0.5,3
6.8,0.81,0.04999999999999999,2.0,0.07,6.0,14.0,0.99562,3.51,0.66,10.8,0.42857142857142855,6
7.5,0.38,0.57,2.3,0.106,5.0,12.0,0.99605,3.36,0.55,11.4,0.4166666666666667,6
7.1,0.27,0.6,2.1,0.074,17.0,25.0,0.99814,3.38,0.72,10.6,0.68,6
7.9,0.18,0.4,1.7999999999999998,0.062,7.0,20.0,0.9941,3.28,0.7,11.1,0.35,5
6.4,0.36,0.21,2.2,0.047,26.0,48.0,0.99661,3.47,0.77,9.7,0.5416666666666666,6
7.1,0.69,0.04000000000000001,2.1,0.068,19.0,27.0,0.99712,3.44,0.67,9.8,0.7037037037037037,5
6.9,0.84,0.21,4.1,0.074,16.0,65.0,0.99842,3.53,0.72,9.23333333333333,0.24615384615384617,6
6.9,0.84,0.21,4.1,0.074,16.0,65.0,0.99842,3.53,0.72,9.25,0.24615384615384617,6
6.5,0.53,0.060000000000000026,2.0,0.063,29.0,44.0,0.99489,3.38,0.83,10.3,0.6590909090909091,6
7.4,0.47,0.46,2.2,0.114,7.0,20.0,0.99647,3.32,0.63,10.5,0.35,5
6.6,0.7,0.08000000000000002,2.6,0.106,14.0,27.0,0.99665,3.44,0.58,10.2,0.5185185185185185,5
6.1,0.41666666666666663,0.25,2.3,0.071,23.0,58.0,0.99633,3.42,0.97,10.6,0.39655172413793105,5
6.8,0.48,0.25,2.0,0.076,29.0,61.0,0.9953,3.34,0.6,10.4,0.47540983606557374,5
6.7,0.48,0.08000000000000002,2.1,0.064,18.0,34.0,0.99552,3.33,0.64,9.7,0.5294117647058824,5
6.8,0.47,0.08000000000000002,2.2,0.064,18.0,38.0,0.99553,3.3,0.65,9.6,0.47368421052631576,6
7.9,0.29000000000000004,0.49,2.2,0.096,21.0,59.0,0.99714,3.31,0.67,10.1,0.3559322033898305,6
7.1,0.69,0.08000000000000002,2.1,0.063,42.0,52.0,0.99608,3.42,0.6,10.2,0.8076923076923077,6
6.6,0.44,0.09,2.2,0.063,9.0,18.0,0.99444,3.42,0.69,11.3,0.5,6
6.1,0.705,0.1,2.8,0.081,13.0,28.0,0.99631,3.6,0.66,10.2,0.4642857142857143,5
7.2,0.53,0.13,2.0,0.0579999999999999,18.0,22.0,0.99573,3.21,0.68,9.9,0.8181818181818182,6
7.366666666666666,0.39,0.3,1.9,0.074,32.0,84.0,0.99717,3.39,0.61,9.0,0.38095238095238093,5
6.6,0.56,0.14,2.4,0.064,13.0,29.0,0.99397,3.42,0.62,11.7,0.4482758620689655,7
7.0,0.55,0.13,2.2,0.075,15.0,35.0,0.9959,3.36,0.59,9.7,0.42857142857142855,6
6.2,0.64,0.09,2.5,0.081,15.0,26.0,0.99538,3.57,0.63,12.0,0.5769230769230769,5
8.4,0.37,0.43,2.3,0.063,12.0,19.0,0.9955,3.17,0.81,11.2,0.631578947368421,7
6.5,0.63,0.33,1.7999999999999998,0.059,16.0,28.0,0.99531,3.36,0.64,10.1,0.5714285714285714,6
7.0,0.57,0.019999999999999962,2.0,0.072,17.0,26.0,0.99575,3.36,0.61,10.2,0.6538461538461539,5
11.2,0.4,0.5,2.0,0.099,19.0,50.0,0.99783,3.1,0.58,10.4,0.38,5
7.4,0.36,0.3,1.7999999999999998,0.074,17.0,24.0,0.99419,3.24,0.7,11.4,0.7083333333333334,8
7.1,0.67,0.0,2.3,0.083,18.0,27.0,0.99768,3.44,0.54,9.4,0.6666666666666666,5
6.3,0.68,0.010000000000000009,3.7,0.103,32.0,54.0,0.99586,3.51,0.66,11.3,0.5925925925925926,6
7.3,0.735,0.0,2.2,0.08,18.0,28.0,0.99765,3.41,0.6,9.4,0.6428571428571429,5
7.0,0.56,0.17,1.7000000000000002,0.065,15.0,24.0,0.99514,3.44,0.68,10.55,0.625,7
6.6,0.88,0.04000000000000001,2.2,0.066,12.0,20.0,0.99636,3.53,0.56,9.9,0.6,5
6.6,0.855,0.019999999999999962,2.4,0.062,15.0,23.0,0.99627,3.54,0.6,11.0,0.6521739130434783,6
7.8,0.6,0.26,2.0,0.08,31.0,131.0,0.99622,3.21,0.52,9.9,0.2366412213740458,5
7.8,0.6,0.26,2.0,0.08,31.0,131.0,0.99622,3.21,0.52,9.9,0.2366412213740458,5
7.8,0.6,0.26,2.0,0.08,31.0,131.0,0.99622,3.21,0.52,9.9,0.2366412213740458,5
7.2,0.695,0.13,2.0,0.076,12.0,20.0,0.99546,3.29,0.54,10.1,0.6,5
7.2,0.695,0.13,2.0,0.076,12.0,20.0,0.99546,3.29,0.54,10.1,0.6,5
6.7,0.67,0.019999999999999962,1.9,0.061,26.0,42.0,0.99489,3.39,0.82,10.9,0.6190476190476191,6
6.7,0.16000000000000003,0.64,2.1,0.059,24.0,52.0,0.99494,3.34,0.71,11.2,0.46153846153846156,6
7.2,0.695,0.13,2.0,0.076,12.0,20.0,0.99546,3.29,0.54,10.1,0.6,5
7.0,0.56,0.13,1.6,0.077,25.0,42.0,0.99629,3.34,0.59,9.2,0.5952380952380952,5
6.2,0.51,0.14,1.9,0.0559999999999999,15.0,34.0,0.99396,3.48,0.57,11.5,0.4411764705882353,6
6.4,0.38,0.14,2.1333333333333333,0.038,15.0,25.0,0.99514,3.44,0.65,11.1,0.6,6
7.3,0.69,0.32,2.2,0.069,35.0,104.0,0.99632,3.33,0.51,9.5,0.33653846153846156,5
6.0,0.58,0.2,2.4,0.075,15.0,50.0,0.99467,3.58,0.67,12.5,0.3,6
7.5,0.52,0.4,2.2,0.06,12.0,20.0,0.9937866666666667,3.26,0.64,11.8,0.6,6
8.0,0.3,0.63,1.6,0.081,16.0,29.0,0.99588,3.3,0.78,10.8,0.5517241379310345,6
6.2,0.7,0.15000000000000002,5.1,0.076,13.0,27.0,0.99622,3.54,0.6,11.9,0.48148148148148145,6
6.8,0.67,0.15000000000000002,1.7999999999999998,0.118,13.0,20.0,0.9954,3.42,0.67,11.3,0.65,6
6.1,0.715,0.1,2.6,0.053,13.0,27.0,0.99362,3.57,0.5,11.9,0.48148148148148145,5
6.2,0.46,0.29,2.1,0.074,32.0,98.0,0.99578,3.33,0.62,9.8,0.32653061224489793,5
6.7,0.32,0.44,2.4,0.061,24.0,34.0,0.99484,3.29,0.8,11.6,0.7058823529411765,7
7.5,0.31000000000000005,0.41,2.4,0.065,34.0,60.0,0.99492,3.34,0.85,11.4,0.5666666666666667,6
5.8,0.61,0.10999999999999999,1.7999999999999998,0.066,18.0,28.0,0.99483,3.55,0.66,10.9,0.6428571428571429,6
6.3,0.55,0.15000000000000002,1.7999999999999998,0.077,26.0,35.0,0.99314,3.32,0.82,11.6,0.7428571428571429,6
5.4,0.74,0.09,1.7000000000000002,0.089,16.0,26.0,0.99402,3.67,0.56,11.6,0.6153846153846154,6
6.3,0.51,0.13,2.3,0.076,29.0,40.0,0.99574,3.42,0.75,11.0,0.725,6
6.8,0.62,0.08000000000000002,1.9,0.068,28.0,38.0,0.99651,3.42,0.82,9.5,0.7368421052631579,6
6.2,0.6,0.08000000000000002,2.0,0.09,32.0,44.0,0.9949,3.45,0.58,10.5,0.7272727272727273,5
5.9,0.55,0.1,2.2,0.062,39.0,51.0,0.99512,3.52,0.76,11.2,0.7647058823529411,6
5.9,0.645,0.12,2.0,0.075,32.0,44.0,0.99547,3.57,0.71,10.2,0.7272727272727273,5
